==== Build Info ====
Date: 2026年 5月 9日 星期六 14时08分28秒 CST
JAVA: openjdk version "17.0.11" 2024-04-16 LTS
OpenJDK Runtime Environment Zulu17.50+19-CA (build 17.0.11+9-LTS)
OpenJDK 64-Bit Server VM Zulu17.50+19-CA (build 17.0.11+9-LTS, mixed mode, sharing)

==== Build Log ====
Initialized native services in: /Users/mac/.gradle/native
Initialized jansi services in: /Users/mac/.gradle/native
Received JVM installation metadata from '/Users/mac/workspace/android/G30Scanner/.build-tools/zulu17.50.19-ca-jdk17.0.11-macosx_aarch64/zulu-17.jdk/Contents/Home': {JAVA_HOME=/Users/mac/workspace/android/G30Scanner/.build-tools/zulu17.50.19-ca-jdk17.0.11-macosx_aarch64/zulu-17.jdk/Contents/Home, JAVA_VERSION=17.0.11, JAVA_VENDOR=Azul Systems, Inc., RUNTIME_NAME=OpenJDK Runtime Environment, RUNTIME_VERSION=17.0.11+9-LTS, VM_NAME=OpenJDK 64-Bit Server VM, VM_VERSION=17.0.11+9-LTS, VM_VENDOR=Azul Systems, Inc., OS_ARCH=aarch64}
The client will now receive all logging from the daemon (pid: 99352). The daemon log file: /Users/mac/.gradle/daemon/8.2/daemon-99352.out.log
Starting 3rd build in daemon [uptime: 25 mins 14.672 secs, performance: 100%, GC rate: 0.00/s, heap usage: 0% of 2 GiB]
Closing daemon's stdin at end of input.
The daemon will no longer process any standard input.
Using 10 worker leases.
Now considering [/Users/mac/workspace/android/G30Scanner] as hierarchies to watch
Watching the file system is configured to be enabled if available
File system watching is active
Starting Build
Settings evaluated using settings file '/Users/mac/workspace/android/G30Scanner/settings.gradle'.
Projects loaded. Root project using build file '/Users/mac/workspace/android/G30Scanner/build.gradle'.
Included projects: [root project 'G30Scanner', project ':app']

> Configure project :
Evaluating root project 'G30Scanner' using build file '/Users/mac/workspace/android/G30Scanner/build.gradle'.
The configuration detachedConfiguration1 is both resolvable and consumable. This is considered a legacy configuration and it will eventually only be possible to be one of these.
The configuration detachedConfiguration1 is both consumable and declarable. This combination is incorrect, only one of these flags should be set.
The configuration detachedConfiguration1 is both resolvable and consumable. This is considered a legacy configuration and it will eventually only be possible to be one of these.
The configuration detachedConfiguration1 is both consumable and declarable. This combination is incorrect, only one of these flags should be set.
The configuration :classpath is both resolvable and consumable. This is considered a legacy configuration and it will eventually only be possible to be one of these.
The configuration :classpath is both consumable and declarable. This combination is incorrect, only one of these flags should be set.
The configuration :classpath is both resolvable and consumable. This is considered a legacy configuration and it will eventually only be possible to be one of these.
The configuration :classpath is both consumable and declarable. This combination is incorrect, only one of these flags should be set.

> Configure project :app
Evaluating project ':app' using build file '/Users/mac/workspace/android/G30Scanner/app/build.gradle'.
Using default execution profile
All projects evaluated.
The configuration :classpath is both resolvable and consumable. This is considered a legacy configuration and it will eventually only be possible to be one of these.
The configuration :classpath is both consumable and declarable. This combination is incorrect, only one of these flags should be set.
The configuration :classpath is both resolvable and consumable. This is considered a legacy configuration and it will eventually only be possible to be one of these.
The configuration :classpath is both consumable and declarable. This combination is incorrect, only one of these flags should be set.
The configuration :classpath is both resolvable and consumable. This is considered a legacy configuration and it will eventually only be possible to be one of these.
The configuration :classpath is both consumable and declarable. This combination is incorrect, only one of these flags should be set.
The configuration :classpath is both resolvable and consumable. This is considered a legacy configuration and it will eventually only be possible to be one of these.
The configuration :classpath is both consumable and declarable. This combination is incorrect, only one of these flags should be set.
The configuration :classpath is both resolvable and consumable. This is considered a legacy configuration and it will eventually only be possible to be one of these.
The configuration :classpath is both consumable and declarable. This combination is incorrect, only one of these flags should be set.
The configuration :app:classpath is both resolvable and consumable. This is considered a legacy configuration and it will eventually only be possible to be one of these.
The configuration :app:classpath is both consumable and declarable. This combination is incorrect, only one of these flags should be set.
The configuration :app:classpath is both resolvable and consumable. This is considered a legacy configuration and it will eventually only be possible to be one of these.
The configuration :app:classpath is both consumable and declarable. This combination is incorrect, only one of these flags should be set.
The configuration :app:classpath is both resolvable and consumable. This is considered a legacy configuration and it will eventually only be possible to be one of these.
The configuration :app:classpath is both consumable and declarable. This combination is incorrect, only one of these flags should be set.
The configuration :app:classpath is both resolvable and consumable. This is considered a legacy configuration and it will eventually only be possible to be one of these.
The configuration :app:classpath is both consumable and declarable. This combination is incorrect, only one of these flags should be set.
The configuration :app:classpath is both resolvable and consumable. This is considered a legacy configuration and it will eventually only be possible to be one of these.
The configuration :app:classpath is both consumable and declarable. This combination is incorrect, only one of these flags should be set.
The configuration :app:classpath is both resolvable and consumable. This is considered a legacy configuration and it will eventually only be possible to be one of these.
The configuration :app:classpath is both consumable and declarable. This combination is incorrect, only one of these flags should be set.
Task name matched 'assembleDebug'
Selected primary task 'assembleDebug' from project :
Tasks to be executed: [task ':app:preBuild', task ':app:preDebugBuild', task ':app:mergeDebugNativeDebugMetadata', task ':app:javaPreCompileDebug', task ':app:checkDebugAarMetadata', task ':app:generateDebugResValues', task ':app:mapDebugSourceSetPaths', task ':app:generateDebugResources', task ':app:mergeDebugResources', task ':app:packageDebugResources', task ':app:parseDebugLocalResources', task ':app:createDebugCompatibleScreenManifests', task ':app:extractDeepLinksDebug', task ':app:processDebugMainManifest', task ':app:processDebugManifest', task ':app:processDebugManifestForPackage', task ':app:processDebugResources', task ':app:compileDebugJavaWithJavac', task ':app:mergeDebugShaders', task ':app:compileDebugShaders', task ':app:generateDebugAssets', task ':app:mergeDebugAssets', task ':app:compressDebugAssets', task ':app:processDebugJavaRes', task ':app:mergeDebugJavaResource', task ':app:checkDebugDuplicateClasses', task ':app:desugarDebugFileDependencies', task ':app:mergeExtDexDebug', task ':app:mergeLibDexDebug', task ':app:dexBuilderDebug', task ':app:mergeProjectDexDebug', task ':app:mergeDebugJniLibFolders', task ':app:mergeDebugNativeLibs', task ':app:stripDebugDebugSymbols', task ':app:validateSigningDebug', task ':app:writeDebugAppMetadata', task ':app:writeDebugSigningConfigVersions', task ':app:packageDebug', task ':app:createDebugApkListingFileRedirect', task ':app:assembleDebug']
Tasks that were excluded: []
Resolve mutations for :app:preBuild (Thread[Execution worker,5,main]) started.
:app:preBuild (Thread[Execution worker,5,main]) started.

> Task :app:preBuild UP-TO-DATE
Skipping task ':app:preBuild' as it has no actions.
Resolve mutations for :app:preDebugBuild (Thread[Execution worker,5,main]) started.
:app:preDebugBuild (Thread[Execution worker,5,main]) started.

> Task :app:preDebugBuild UP-TO-DATE
Skipping task ':app:preDebugBuild' as it has no actions.
Resolve mutations for :app:mergeDebugNativeDebugMetadata (Thread[Execution worker,5,main]) started.
:app:mergeDebugNativeDebugMetadata (Thread[Execution worker,5,main]) started.

> Task :app:mergeDebugNativeDebugMetadata NO-SOURCE
Skipping task ':app:mergeDebugNativeDebugMetadata' as it has no source files and no previous output files.
Resolve mutations for :app:javaPreCompileDebug (Thread[Execution worker,5,main]) started.
:app:javaPreCompileDebug (Thread[Execution worker,5,main]) started.

> Task :app:javaPreCompileDebug UP-TO-DATE
Caching disabled for task ':app:javaPreCompileDebug' because:
  Build cache is disabled
Skipping task ':app:javaPreCompileDebug' as it is up-to-date.
Resolve mutations for :app:checkDebugAarMetadata (Thread[included builds,5,main]) started.
:app:checkDebugAarMetadata (Thread[included builds,5,main]) started.

> Task :app:checkDebugAarMetadata UP-TO-DATE
Transforming material-1.11.0.aar (com.google.android.material:material:1.11.0) with ExtractAarTransform
Transforming appcompat-1.6.1.aar (androidx.appcompat:appcompat:1.6.1) with ExtractAarTransform
Transforming material-1.11.0.aar (com.google.android.material:material:1.11.0) with AarTransform
Transforming appcompat-1.6.1.aar (androidx.appcompat:appcompat:1.6.1) with AarTransform
Transforming appcompat-resources-1.6.1.aar (androidx.appcompat:appcompat-resources:1.6.1) with ExtractAarTransform
Transforming appcompat-resources-1.6.1.aar (androidx.appcompat:appcompat-resources:1.6.1) with AarTransform
Transforming constraintlayout-2.1.4.aar (androidx.constraintlayout:constraintlayout:2.1.4) with ExtractAarTransform
Transforming constraintlayout-2.1.4.aar (androidx.constraintlayout:constraintlayout:2.1.4) with AarTransform
Transforming documentfile-1.0.1.aar (androidx.documentfile:documentfile:1.0.1) with ExtractAarTransform
Transforming documentfile-1.0.1.aar (androidx.documentfile:documentfile:1.0.1) with AarTransform
Transforming documentfile-1.0.1.aar (androidx.documentfile:documentfile:1.0.1) with ExtractAarTransform
Transforming documentfile-1.0.1.aar (androidx.documentfile:documentfile:1.0.1) with AarTransform
Transforming dynamicanimation-1.0.0.aar (androidx.dynamicanimation:dynamicanimation:1.0.0) with ExtractAarTransform
Transforming dynamicanimation-1.0.0.aar (androidx.dynamicanimation:dynamicanimation:1.0.0) with AarTransform
Transforming legacy-support-core-utils-1.0.0.aar (androidx.legacy:legacy-support-core-utils:1.0.0) with ExtractAarTransform
Transforming legacy-support-core-utils-1.0.0.aar (androidx.legacy:legacy-support-core-utils:1.0.0) with AarTransform
Transforming usb-serial-for-android-3.7.0.aar (com.github.mik3y:usb-serial-for-android:3.7.0) with ExtractAarTransform
Transforming usb-serial-for-android-3.7.0.aar (com.github.mik3y:usb-serial-for-android:3.7.0) with AarTransform
Transforming drawerlayout-1.1.1.aar (androidx.drawerlayout:drawerlayout:1.1.1) with ExtractAarTransform
Transforming emoji2-views-helper-1.2.0.aar (androidx.emoji2:emoji2-views-helper:1.2.0) with ExtractAarTransform
Transforming drawerlayout-1.1.1.aar (androidx.drawerlayout:drawerlayout:1.1.1) with AarTransform
Transforming emoji2-views-helper-1.2.0.aar (androidx.emoji2:emoji2-views-helper:1.2.0) with AarTransform
Transforming fragment-1.3.6.aar (androidx.fragment:fragment:1.3.6) with ExtractAarTransform
Transforming fragment-1.3.6.aar (androidx.fragment:fragment:1.3.6) with AarTransform
Transforming activity-1.8.0.aar (androidx.activity:activity:1.8.0) with ExtractAarTransform
Transforming activity-1.8.0.aar (androidx.activity:activity:1.8.0) with AarTransform
Transforming emoji2-1.2.0.aar (androidx.emoji2:emoji2:1.2.0) with ExtractAarTransform
Transforming emoji2-1.2.0.aar (androidx.emoji2:emoji2:1.2.0) with AarTransform
Transforming vectordrawable-animated-1.1.0.aar (androidx.vectordrawable:vectordrawable-animated:1.1.0) with ExtractAarTransform
Transforming vectordrawable-animated-1.1.0.aar (androidx.vectordrawable:vectordrawable-animated:1.1.0) with AarTransform
Transforming coordinatorlayout-1.1.0.aar (androidx.coordinatorlayout:coordinatorlayout:1.1.0) with ExtractAarTransform
Transforming coordinatorlayout-1.1.0.aar (androidx.coordinatorlayout:coordinatorlayout:1.1.0) with AarTransform
Transforming transition-1.2.0.aar (androidx.transition:transition:1.2.0) with ExtractAarTransform
Transforming transition-1.2.0.aar (androidx.transition:transition:1.2.0) with AarTransform
Transforming loader-1.0.0.aar (androidx.loader:loader:1.0.0) with ExtractAarTransform
Transforming loader-1.0.0.aar (androidx.loader:loader:1.0.0) with ExtractAarTransform
Transforming loader-1.0.0.aar (androidx.loader:loader:1.0.0) with AarTransform
Transforming loader-1.0.0.aar (androidx.loader:loader:1.0.0) with AarTransform
Transforming savedstate-1.2.1.aar (androidx.savedstate:savedstate:1.2.1) with ExtractAarTransform
Transforming savedstate-1.2.1.aar (androidx.savedstate:savedstate:1.2.1) with AarTransform
Transforming lifecycle-livedata-2.6.1.aar (androidx.lifecycle:lifecycle-livedata:2.6.1) with ExtractAarTransform
Transforming lifecycle-livedata-2.6.1.aar (androidx.lifecycle:lifecycle-livedata:2.6.1) with AarTransform
Transforming lifecycle-process-2.6.1.aar (androidx.lifecycle:lifecycle-process:2.6.1) with ExtractAarTransform
Transforming lifecycle-process-2.6.1.aar (androidx.lifecycle:lifecycle-process:2.6.1) with AarTransform
Transforming viewpager2-1.0.0.aar (androidx.viewpager2:viewpager2:1.0.0) with ExtractAarTransform
Transforming viewpager2-1.0.0.aar (androidx.viewpager2:viewpager2:1.0.0) with AarTransform
Transforming fragment-1.3.6.aar (androidx.fragment:fragment:1.3.6) with ExtractAarTransform
Transforming fragment-1.3.6.aar (androidx.fragment:fragment:1.3.6) with AarTransform
Transforming core-ktx-1.9.0.aar (androidx.core:core-ktx:1.9.0) with ExtractAarTransform
Transforming core-ktx-1.9.0.aar (androidx.core:core-ktx:1.9.0) with AarTransform
Transforming lifecycle-viewmodel-2.6.1.aar (androidx.lifecycle:lifecycle-viewmodel:2.6.1) with ExtractAarTransform
Transforming lifecycle-viewmodel-2.6.1.aar (androidx.lifecycle:lifecycle-viewmodel:2.6.1) with AarTransform
Transforming lifecycle-livedata-core-2.6.1.aar (androidx.lifecycle:lifecycle-livedata-core:2.6.1) with ExtractAarTransform
Transforming lifecycle-livedata-core-2.6.1.aar (androidx.lifecycle:lifecycle-livedata-core:2.6.1) with AarTransform
Transforming vectordrawable-1.1.0.aar (androidx.vectordrawable:vectordrawable:1.1.0) with ExtractAarTransform
Transforming vectordrawable-1.1.0.aar (androidx.vectordrawable:vectordrawable:1.1.0) with ExtractAarTransform
Transforming vectordrawable-1.1.0.aar (androidx.vectordrawable:vectordrawable:1.1.0) with AarTransform
Transforming vectordrawable-1.1.0.aar (androidx.vectordrawable:vectordrawable:1.1.0) with AarTransform
Transforming viewpager-1.0.0.aar (androidx.viewpager:viewpager:1.0.0) with ExtractAarTransform
Transforming viewpager-1.0.0.aar (androidx.viewpager:viewpager:1.0.0) with AarTransform
Transforming lifecycle-viewmodel-2.6.1.aar (androidx.lifecycle:lifecycle-viewmodel:2.6.1) with ExtractAarTransform
Transforming lifecycle-viewmodel-2.6.1.aar (androidx.lifecycle:lifecycle-viewmodel:2.6.1) with AarTransform
Transforming customview-1.1.0.aar (androidx.customview:customview:1.1.0) with ExtractAarTransform
Transforming customview-1.1.0.aar (androidx.customview:customview:1.1.0) with AarTransform
Transforming customview-1.1.0.aar (androidx.customview:customview:1.1.0) with ExtractAarTransform
Transforming customview-1.1.0.aar (androidx.customview:customview:1.1.0) with ExtractAarTransform
Transforming customview-1.1.0.aar (androidx.customview:customview:1.1.0) with AarTransform
Transforming customview-1.1.0.aar (androidx.customview:customview:1.1.0) with AarTransform
Transforming lifecycle-runtime-2.6.1.aar (androidx.lifecycle:lifecycle-runtime:2.6.1) with ExtractAarTransform
Transforming customview-1.1.0.aar (androidx.customview:customview:1.1.0) with ExtractAarTransform
Transforming lifecycle-runtime-2.6.1.aar (androidx.lifecycle:lifecycle-runtime:2.6.1) with AarTransform
Transforming customview-1.1.0.aar (androidx.customview:customview:1.1.0) with AarTransform
Transforming lifecycle-viewmodel-savedstate-2.6.1.aar (androidx.lifecycle:lifecycle-viewmodel-savedstate:2.6.1) with ExtractAarTransform
Transforming lifecycle-viewmodel-savedstate-2.6.1.aar (androidx.lifecycle:lifecycle-viewmodel-savedstate:2.6.1) with AarTransform
Transforming core-1.9.0.aar (androidx.core:core:1.9.0) with ExtractAarTransform
Transforming core-1.9.0.aar (androidx.core:core:1.9.0) with AarTransform
Transforming recyclerview-1.1.0.aar (androidx.recyclerview:recyclerview:1.1.0) with ExtractAarTransform
Transforming core-1.9.0.aar (androidx.core:core:1.9.0) with ExtractAarTransform
Transforming recyclerview-1.1.0.aar (androidx.recyclerview:recyclerview:1.1.0) with AarTransform
Transforming core-1.9.0.aar (androidx.core:core:1.9.0) with AarTransform
Transforming recyclerview-1.1.0.aar (androidx.recyclerview:recyclerview:1.1.0) with ExtractAarTransform
Transforming core-1.9.0.aar (androidx.core:core:1.9.0) with ExtractAarTransform
Transforming core-1.9.0.aar (androidx.core:core:1.9.0) with ExtractAarTransform
Transforming core-1.9.0.aar (androidx.core:core:1.9.0) with AarTransform
Transforming core-1.9.0.aar (androidx.core:core:1.9.0) with ExtractAarTransform
Transforming core-1.9.0.aar (androidx.core:core:1.9.0) with ExtractAarTransform
Transforming core-1.9.0.aar (androidx.core:core:1.9.0) with ExtractAarTransform
Transforming core-1.9.0.aar (androidx.core:core:1.9.0) with AarTransform
Transforming core-1.9.0.aar (androidx.core:core:1.9.0) with ExtractAarTransform
Transforming core-1.9.0.aar (androidx.core:core:1.9.0) with AarTransform
Transforming core-1.9.0.aar (androidx.core:core:1.9.0) with AarTransform
Transforming core-1.9.0.aar (androidx.core:core:1.9.0) with AarTransform
Transforming recyclerview-1.1.0.aar (androidx.recyclerview:recyclerview:1.1.0) with AarTransform
Transforming core-1.9.0.aar (androidx.core:core:1.9.0) with ExtractAarTransform
Transforming core-1.9.0.aar (androidx.core:core:1.9.0) with ExtractAarTransform
Transforming core-1.9.0.aar (androidx.core:core:1.9.0) with AarTransform
Transforming core-1.9.0.aar (androidx.core:core:1.9.0) with AarTransform
Transforming core-1.9.0.aar (androidx.core:core:1.9.0) with AarTransform
Transforming cursoradapter-1.0.0.aar (androidx.cursoradapter:cursoradapter:1.0.0) with ExtractAarTransform
Transforming cursoradapter-1.0.0.aar (androidx.cursoradapter:cursoradapter:1.0.0) with AarTransform
Transforming cardview-1.0.0.aar (androidx.cardview:cardview:1.0.0) with ExtractAarTransform
Transforming cardview-1.0.0.aar (androidx.cardview:cardview:1.0.0) with AarTransform
Transforming versionedparcelable-1.1.1.aar (androidx.versionedparcelable:versionedparcelable:1.1.1) with ExtractAarTransform
Transforming versionedparcelable-1.1.1.aar (androidx.versionedparcelable:versionedparcelable:1.1.1) with AarTransform
Transforming profileinstaller-1.3.0.aar (androidx.profileinstaller:profileinstaller:1.3.0) with ExtractAarTransform
Transforming profileinstaller-1.3.0.aar (androidx.profileinstaller:profileinstaller:1.3.0) with AarTransform
Transforming startup-runtime-1.1.1.aar (androidx.startup:startup-runtime:1.1.1) with ExtractAarTransform
Transforming startup-runtime-1.1.1.aar (androidx.startup:startup-runtime:1.1.1) with AarTransform
Transforming tracing-1.0.0.aar (androidx.tracing:tracing:1.0.0) with ExtractAarTransform
Transforming tracing-1.0.0.aar (androidx.tracing:tracing:1.0.0) with AarTransform
Transforming interpolator-1.0.0.aar (androidx.interpolator:interpolator:1.0.0) with ExtractAarTransform
Transforming localbroadcastmanager-1.0.0.aar (androidx.localbroadcastmanager:localbroadcastmanager:1.0.0) with ExtractAarTransform
Transforming localbroadcastmanager-1.0.0.aar (androidx.localbroadcastmanager:localbroadcastmanager:1.0.0) with AarTransform
Transforming interpolator-1.0.0.aar (androidx.interpolator:interpolator:1.0.0) with AarTransform
Transforming annotation-experimental-1.3.0.aar (androidx.annotation:annotation-experimental:1.3.0) with ExtractAarTransform
Transforming annotation-experimental-1.3.0.aar (androidx.annotation:annotation-experimental:1.3.0) with AarTransform
Transforming core-runtime-2.2.0.aar (androidx.arch.core:core-runtime:2.2.0) with ExtractAarTransform
Transforming print-1.0.0.aar (androidx.print:print:1.0.0) with ExtractAarTransform
Transforming core-runtime-2.2.0.aar (androidx.arch.core:core-runtime:2.2.0) with AarTransform
Transforming print-1.0.0.aar (androidx.print:print:1.0.0) with AarTransform
Caching disabled for task ':app:checkDebugAarMetadata' because:
  Build cache is disabled
Skipping task ':app:checkDebugAarMetadata' as it is up-to-date.
Resolve mutations for :app:generateDebugResValues (Thread[included builds,5,main]) started.
:app:generateDebugResValues (Thread[included builds,5,main]) started.

> Task :app:generateDebugResValues UP-TO-DATE
Caching disabled for task ':app:generateDebugResValues' because:
  Build cache is disabled
Skipping task ':app:generateDebugResValues' as it is up-to-date.
Resolve mutations for :app:mapDebugSourceSetPaths (Thread[included builds,5,main]) started.
:app:mapDebugSourceSetPaths (Thread[included builds,5,main]) started.

> Task :app:mapDebugSourceSetPaths UP-TO-DATE
Transforming material-1.11.0.aar (com.google.android.material:material:1.11.0) with ExtractAarTransform
Transforming material-1.11.0.aar (com.google.android.material:material:1.11.0) with AarTransform
Transforming constraintlayout-2.1.4.aar (androidx.constraintlayout:constraintlayout:2.1.4) with ExtractAarTransform
Transforming constraintlayout-2.1.4.aar (androidx.constraintlayout:constraintlayout:2.1.4) with AarTransform
Transforming appcompat-resources-1.6.1.aar (androidx.appcompat:appcompat-resources:1.6.1) with ExtractAarTransform
Transforming appcompat-resources-1.6.1.aar (androidx.appcompat:appcompat-resources:1.6.1) with AarTransform
Transforming appcompat-1.6.1.aar (androidx.appcompat:appcompat:1.6.1) with ExtractAarTransform
Transforming appcompat-1.6.1.aar (androidx.appcompat:appcompat:1.6.1) with AarTransform
Transforming usb-serial-for-android-3.7.0.aar (com.github.mik3y:usb-serial-for-android:3.7.0) with ExtractAarTransform
Transforming usb-serial-for-android-3.7.0.aar (com.github.mik3y:usb-serial-for-android:3.7.0) with AarTransform
Transforming dynamicanimation-1.0.0.aar (androidx.dynamicanimation:dynamicanimation:1.0.0) with ExtractAarTransform
Transforming dynamicanimation-1.0.0.aar (androidx.dynamicanimation:dynamicanimation:1.0.0) with AarTransform
Transforming legacy-support-core-utils-1.0.0.aar (androidx.legacy:legacy-support-core-utils:1.0.0) with ExtractAarTransform
Transforming legacy-support-core-utils-1.0.0.aar (androidx.legacy:legacy-support-core-utils:1.0.0) with AarTransform
Transforming documentfile-1.0.1.aar (androidx.documentfile:documentfile:1.0.1) with ExtractAarTransform
Transforming documentfile-1.0.1.aar (androidx.documentfile:documentfile:1.0.1) with AarTransform
Transforming documentfile-1.0.1.aar (androidx.documentfile:documentfile:1.0.1) with ExtractAarTransform
Transforming documentfile-1.0.1.aar (androidx.documentfile:documentfile:1.0.1) with AarTransform
Transforming viewpager2-1.0.0.aar (androidx.viewpager2:viewpager2:1.0.0) with ExtractAarTransform
Transforming viewpager2-1.0.0.aar (androidx.viewpager2:viewpager2:1.0.0) with AarTransform
Transforming fragment-1.3.6.aar (androidx.fragment:fragment:1.3.6) with ExtractAarTransform
Transforming fragment-1.3.6.aar (androidx.fragment:fragment:1.3.6) with AarTransform
Transforming fragment-1.3.6.aar (androidx.fragment:fragment:1.3.6) with ExtractAarTransform
Transforming fragment-1.3.6.aar (androidx.fragment:fragment:1.3.6) with AarTransform
Transforming activity-1.8.0.aar (androidx.activity:activity:1.8.0) with ExtractAarTransform
Transforming activity-1.8.0.aar (androidx.activity:activity:1.8.0) with AarTransform
Transforming emoji2-views-helper-1.2.0.aar (androidx.emoji2:emoji2-views-helper:1.2.0) with ExtractAarTransform
Transforming emoji2-views-helper-1.2.0.aar (androidx.emoji2:emoji2-views-helper:1.2.0) with AarTransform
Transforming emoji2-1.2.0.aar (androidx.emoji2:emoji2:1.2.0) with ExtractAarTransform
Transforming emoji2-1.2.0.aar (androidx.emoji2:emoji2:1.2.0) with AarTransform
Transforming drawerlayout-1.1.1.aar (androidx.drawerlayout:drawerlayout:1.1.1) with ExtractAarTransform
Transforming drawerlayout-1.1.1.aar (androidx.drawerlayout:drawerlayout:1.1.1) with AarTransform
Transforming coordinatorlayout-1.1.0.aar (androidx.coordinatorlayout:coordinatorlayout:1.1.0) with ExtractAarTransform
Transforming coordinatorlayout-1.1.0.aar (androidx.coordinatorlayout:coordinatorlayout:1.1.0) with AarTransform
Transforming transition-1.2.0.aar (androidx.transition:transition:1.2.0) with ExtractAarTransform
Transforming transition-1.2.0.aar (androidx.transition:transition:1.2.0) with AarTransform
Transforming vectordrawable-animated-1.1.0.aar (androidx.vectordrawable:vectordrawable-animated:1.1.0) with ExtractAarTransform
Transforming vectordrawable-animated-1.1.0.aar (androidx.vectordrawable:vectordrawable-animated:1.1.0) with AarTransform
Transforming vectordrawable-1.1.0.aar (androidx.vectordrawable:vectordrawable:1.1.0) with ExtractAarTransform
Transforming vectordrawable-1.1.0.aar (androidx.vectordrawable:vectordrawable:1.1.0) with AarTransform
Transforming vectordrawable-1.1.0.aar (androidx.vectordrawable:vectordrawable:1.1.0) with ExtractAarTransform
Transforming vectordrawable-1.1.0.aar (androidx.vectordrawable:vectordrawable:1.1.0) with AarTransform
Transforming loader-1.0.0.aar (androidx.loader:loader:1.0.0) with ExtractAarTransform
Transforming loader-1.0.0.aar (androidx.loader:loader:1.0.0) with AarTransform
Transforming loader-1.0.0.aar (androidx.loader:loader:1.0.0) with ExtractAarTransform
Transforming loader-1.0.0.aar (androidx.loader:loader:1.0.0) with AarTransform
Transforming savedstate-1.2.1.aar (androidx.savedstate:savedstate:1.2.1) with ExtractAarTransform
Transforming savedstate-1.2.1.aar (androidx.savedstate:savedstate:1.2.1) with AarTransform
Transforming lifecycle-process-2.6.1.aar (androidx.lifecycle:lifecycle-process:2.6.1) with ExtractAarTransform
Transforming lifecycle-process-2.6.1.aar (androidx.lifecycle:lifecycle-process:2.6.1) with AarTransform
Transforming lifecycle-livedata-core-2.6.1.aar (androidx.lifecycle:lifecycle-livedata-core:2.6.1) with ExtractAarTransform
Transforming lifecycle-livedata-core-2.6.1.aar (androidx.lifecycle:lifecycle-livedata-core:2.6.1) with AarTransform
Transforming lifecycle-livedata-2.6.1.aar (androidx.lifecycle:lifecycle-livedata:2.6.1) with ExtractAarTransform
Transforming lifecycle-livedata-2.6.1.aar (androidx.lifecycle:lifecycle-livedata:2.6.1) with AarTransform
Transforming lifecycle-viewmodel-2.6.1.aar (androidx.lifecycle:lifecycle-viewmodel:2.6.1) with ExtractAarTransform
Transforming lifecycle-viewmodel-2.6.1.aar (androidx.lifecycle:lifecycle-viewmodel:2.6.1) with AarTransform
Transforming lifecycle-viewmodel-2.6.1.aar (androidx.lifecycle:lifecycle-viewmodel:2.6.1) with ExtractAarTransform
Transforming lifecycle-viewmodel-2.6.1.aar (androidx.lifecycle:lifecycle-viewmodel:2.6.1) with AarTransform
Transforming lifecycle-runtime-2.6.1.aar (androidx.lifecycle:lifecycle-runtime:2.6.1) with ExtractAarTransform
Transforming lifecycle-runtime-2.6.1.aar (androidx.lifecycle:lifecycle-runtime:2.6.1) with AarTransform
Transforming lifecycle-viewmodel-savedstate-2.6.1.aar (androidx.lifecycle:lifecycle-viewmodel-savedstate:2.6.1) with ExtractAarTransform
Transforming lifecycle-viewmodel-savedstate-2.6.1.aar (androidx.lifecycle:lifecycle-viewmodel-savedstate:2.6.1) with AarTransform
Transforming core-ktx-1.9.0.aar (androidx.core:core-ktx:1.9.0) with ExtractAarTransform
Transforming core-ktx-1.9.0.aar (androidx.core:core-ktx:1.9.0) with AarTransform
Transforming viewpager-1.0.0.aar (androidx.viewpager:viewpager:1.0.0) with ExtractAarTransform
Transforming viewpager-1.0.0.aar (androidx.viewpager:viewpager:1.0.0) with AarTransform
Transforming recyclerview-1.1.0.aar (androidx.recyclerview:recyclerview:1.1.0) with ExtractAarTransform
Transforming recyclerview-1.1.0.aar (androidx.recyclerview:recyclerview:1.1.0) with AarTransform
Transforming recyclerview-1.1.0.aar (androidx.recyclerview:recyclerview:1.1.0) with ExtractAarTransform
Transforming recyclerview-1.1.0.aar (androidx.recyclerview:recyclerview:1.1.0) with AarTransform
Transforming customview-1.1.0.aar (androidx.customview:customview:1.1.0) with ExtractAarTransform
Transforming customview-1.1.0.aar (androidx.customview:customview:1.1.0) with AarTransform
Transforming core-1.9.0.aar (androidx.core:core:1.9.0) with ExtractAarTransform
Transforming core-1.9.0.aar (androidx.core:core:1.9.0) with AarTransform
Transforming core-1.9.0.aar (androidx.core:core:1.9.0) with ExtractAarTransform
Transforming core-1.9.0.aar (androidx.core:core:1.9.0) with AarTransform
Transforming cursoradapter-1.0.0.aar (androidx.cursoradapter:cursoradapter:1.0.0) with ExtractAarTransform
Transforming cursoradapter-1.0.0.aar (androidx.cursoradapter:cursoradapter:1.0.0) with AarTransform
Transforming cardview-1.0.0.aar (androidx.cardview:cardview:1.0.0) with ExtractAarTransform
Transforming cardview-1.0.0.aar (androidx.cardview:cardview:1.0.0) with AarTransform
Transforming versionedparcelable-1.1.1.aar (androidx.versionedparcelable:versionedparcelable:1.1.1) with ExtractAarTransform
Transforming versionedparcelable-1.1.1.aar (androidx.versionedparcelable:versionedparcelable:1.1.1) with AarTransform
Transforming profileinstaller-1.3.0.aar (androidx.profileinstaller:profileinstaller:1.3.0) with ExtractAarTransform
Transforming profileinstaller-1.3.0.aar (androidx.profileinstaller:profileinstaller:1.3.0) with AarTransform
Transforming startup-runtime-1.1.1.aar (androidx.startup:startup-runtime:1.1.1) with ExtractAarTransform
Transforming startup-runtime-1.1.1.aar (androidx.startup:startup-runtime:1.1.1) with AarTransform
Transforming tracing-1.0.0.aar (androidx.tracing:tracing:1.0.0) with ExtractAarTransform
Transforming tracing-1.0.0.aar (androidx.tracing:tracing:1.0.0) with AarTransform
Transforming interpolator-1.0.0.aar (androidx.interpolator:interpolator:1.0.0) with ExtractAarTransform
Transforming interpolator-1.0.0.aar (androidx.interpolator:interpolator:1.0.0) with AarTransform
Transforming core-runtime-2.2.0.aar (androidx.arch.core:core-runtime:2.2.0) with ExtractAarTransform
Transforming core-runtime-2.2.0.aar (androidx.arch.core:core-runtime:2.2.0) with AarTransform
Transforming localbroadcastmanager-1.0.0.aar (androidx.localbroadcastmanager:localbroadcastmanager:1.0.0) with ExtractAarTransform
Transforming localbroadcastmanager-1.0.0.aar (androidx.localbroadcastmanager:localbroadcastmanager:1.0.0) with AarTransform
Transforming print-1.0.0.aar (androidx.print:print:1.0.0) with ExtractAarTransform
Transforming print-1.0.0.aar (androidx.print:print:1.0.0) with AarTransform
Transforming annotation-experimental-1.3.0.aar (androidx.annotation:annotation-experimental:1.3.0) with ExtractAarTransform
Transforming annotation-experimental-1.3.0.aar (androidx.annotation:annotation-experimental:1.3.0) with AarTransform
Caching disabled for task ':app:mapDebugSourceSetPaths' because:
  Build cache is disabled
Skipping task ':app:mapDebugSourceSetPaths' as it is up-to-date.
Resolve mutations for :app:generateDebugResources (Thread[included builds,5,main]) started.
:app:generateDebugResources (Thread[included builds,5,main]) started.

> Task :app:generateDebugResources UP-TO-DATE
Skipping task ':app:generateDebugResources' as it has no actions.
Resolve mutations for :app:mergeDebugResources (Thread[included builds,5,main]) started.
:app:mergeDebugResources (Thread[included builds,5,main]) started.

> Task :app:mergeDebugResources UP-TO-DATE
Caching disabled for task ':app:mergeDebugResources' because:
  Build cache is disabled
Skipping task ':app:mergeDebugResources' as it is up-to-date.
Resolve mutations for :app:packageDebugResources (Thread[included builds,5,main]) started.
:app:packageDebugResources (Thread[included builds,5,main]) started.

> Task :app:packageDebugResources UP-TO-DATE
Caching disabled for task ':app:packageDebugResources' because:
  Build cache is disabled
Skipping task ':app:packageDebugResources' as it is up-to-date.
Resolve mutations for :app:parseDebugLocalResources (Thread[included builds,5,main]) started.
:app:parseDebugLocalResources (Thread[included builds,5,main]) started.

> Task :app:parseDebugLocalResources UP-TO-DATE
Transforming android.jar with PlatformAttrTransform
Transforming android.jar with PlatformAttrTransform
Caching disabled for task ':app:parseDebugLocalResources' because:
  Build cache is disabled
Skipping task ':app:parseDebugLocalResources' as it is up-to-date.
Resolve mutations for :app:createDebugCompatibleScreenManifests (Thread[included builds,5,main]) started.
:app:createDebugCompatibleScreenManifests (Thread[included builds,5,main]) started.

> Task :app:createDebugCompatibleScreenManifests UP-TO-DATE
Caching disabled for task ':app:createDebugCompatibleScreenManifests' because:
  Build cache is disabled
Skipping task ':app:createDebugCompatibleScreenManifests' as it is up-to-date.
Resolve mutations for :app:extractDeepLinksDebug (Thread[included builds,5,main]) started.
:app:extractDeepLinksDebug (Thread[included builds,5,main]) started.

> Task :app:extractDeepLinksDebug UP-TO-DATE
Caching disabled for task ':app:extractDeepLinksDebug' because:
  Build cache is disabled
Skipping task ':app:extractDeepLinksDebug' as it is up-to-date.
Resolve mutations for :app:processDebugMainManifest (Thread[included builds,5,main]) started.
:app:processDebugMainManifest (Thread[included builds,5,main]) started.

> Task :app:processDebugMainManifest UP-TO-DATE
Transforming material-1.11.0.aar (com.google.android.material:material:1.11.0) with ExtractAarTransform
Transforming material-1.11.0.aar (com.google.android.material:material:1.11.0) with AarTransform
Transforming constraintlayout-2.1.4.aar (androidx.constraintlayout:constraintlayout:2.1.4) with ExtractAarTransform
Transforming constraintlayout-2.1.4.aar (androidx.constraintlayout:constraintlayout:2.1.4) with AarTransform
Transforming appcompat-resources-1.6.1.aar (androidx.appcompat:appcompat-resources:1.6.1) with ExtractAarTransform
Transforming appcompat-resources-1.6.1.aar (androidx.appcompat:appcompat-resources:1.6.1) with AarTransform
Transforming appcompat-1.6.1.aar (androidx.appcompat:appcompat:1.6.1) with ExtractAarTransform
Transforming appcompat-1.6.1.aar (androidx.appcompat:appcompat:1.6.1) with AarTransform
Transforming usb-serial-for-android-3.7.0.aar (com.github.mik3y:usb-serial-for-android:3.7.0) with ExtractAarTransform
Transforming usb-serial-for-android-3.7.0.aar (com.github.mik3y:usb-serial-for-android:3.7.0) with AarTransform
Transforming dynamicanimation-1.0.0.aar (androidx.dynamicanimation:dynamicanimation:1.0.0) with ExtractAarTransform
Transforming dynamicanimation-1.0.0.aar (androidx.dynamicanimation:dynamicanimation:1.0.0) with AarTransform
Transforming legacy-support-core-utils-1.0.0.aar (androidx.legacy:legacy-support-core-utils:1.0.0) with ExtractAarTransform
Transforming legacy-support-core-utils-1.0.0.aar (androidx.legacy:legacy-support-core-utils:1.0.0) with AarTransform
Transforming documentfile-1.0.1.aar (androidx.documentfile:documentfile:1.0.1) with ExtractAarTransform
Transforming documentfile-1.0.1.aar (androidx.documentfile:documentfile:1.0.1) with AarTransform
Transforming documentfile-1.0.1.aar (androidx.documentfile:documentfile:1.0.1) with ExtractAarTransform
Transforming documentfile-1.0.1.aar (androidx.documentfile:documentfile:1.0.1) with AarTransform
Transforming viewpager2-1.0.0.aar (androidx.viewpager2:viewpager2:1.0.0) with ExtractAarTransform
Transforming viewpager2-1.0.0.aar (androidx.viewpager2:viewpager2:1.0.0) with AarTransform
Transforming fragment-1.3.6.aar (androidx.fragment:fragment:1.3.6) with ExtractAarTransform
Transforming fragment-1.3.6.aar (androidx.fragment:fragment:1.3.6) with AarTransform
Transforming fragment-1.3.6.aar (androidx.fragment:fragment:1.3.6) with ExtractAarTransform
Transforming fragment-1.3.6.aar (androidx.fragment:fragment:1.3.6) with AarTransform
Transforming activity-1.8.0.aar (androidx.activity:activity:1.8.0) with ExtractAarTransform
Transforming activity-1.8.0.aar (androidx.activity:activity:1.8.0) with AarTransform
Transforming emoji2-views-helper-1.2.0.aar (androidx.emoji2:emoji2-views-helper:1.2.0) with ExtractAarTransform
Transforming emoji2-views-helper-1.2.0.aar (androidx.emoji2:emoji2-views-helper:1.2.0) with AarTransform
Transforming emoji2-1.2.0.aar (androidx.emoji2:emoji2:1.2.0) with ExtractAarTransform
Transforming emoji2-1.2.0.aar (androidx.emoji2:emoji2:1.2.0) with AarTransform
Transforming drawerlayout-1.1.1.aar (androidx.drawerlayout:drawerlayout:1.1.1) with ExtractAarTransform
Transforming drawerlayout-1.1.1.aar (androidx.drawerlayout:drawerlayout:1.1.1) with AarTransform
Transforming coordinatorlayout-1.1.0.aar (androidx.coordinatorlayout:coordinatorlayout:1.1.0) with ExtractAarTransform
Transforming coordinatorlayout-1.1.0.aar (androidx.coordinatorlayout:coordinatorlayout:1.1.0) with AarTransform
Transforming transition-1.2.0.aar (androidx.transition:transition:1.2.0) with ExtractAarTransform
Transforming transition-1.2.0.aar (androidx.transition:transition:1.2.0) with AarTransform
Transforming vectordrawable-animated-1.1.0.aar (androidx.vectordrawable:vectordrawable-animated:1.1.0) with ExtractAarTransform
Transforming vectordrawable-animated-1.1.0.aar (androidx.vectordrawable:vectordrawable-animated:1.1.0) with AarTransform
Transforming vectordrawable-1.1.0.aar (androidx.vectordrawable:vectordrawable:1.1.0) with ExtractAarTransform
Transforming vectordrawable-1.1.0.aar (androidx.vectordrawable:vectordrawable:1.1.0) with AarTransform
Transforming vectordrawable-1.1.0.aar (androidx.vectordrawable:vectordrawable:1.1.0) with ExtractAarTransform
Transforming vectordrawable-1.1.0.aar (androidx.vectordrawable:vectordrawable:1.1.0) with AarTransform
Transforming loader-1.0.0.aar (androidx.loader:loader:1.0.0) with ExtractAarTransform
Transforming loader-1.0.0.aar (androidx.loader:loader:1.0.0) with AarTransform
Transforming loader-1.0.0.aar (androidx.loader:loader:1.0.0) with ExtractAarTransform
Transforming loader-1.0.0.aar (androidx.loader:loader:1.0.0) with AarTransform
Transforming savedstate-1.2.1.aar (androidx.savedstate:savedstate:1.2.1) with ExtractAarTransform
Transforming savedstate-1.2.1.aar (androidx.savedstate:savedstate:1.2.1) with AarTransform
Transforming lifecycle-process-2.6.1.aar (androidx.lifecycle:lifecycle-process:2.6.1) with ExtractAarTransform
Transforming lifecycle-process-2.6.1.aar (androidx.lifecycle:lifecycle-process:2.6.1) with AarTransform
Transforming lifecycle-livedata-core-2.6.1.aar (androidx.lifecycle:lifecycle-livedata-core:2.6.1) with ExtractAarTransform
Transforming lifecycle-livedata-core-2.6.1.aar (androidx.lifecycle:lifecycle-livedata-core:2.6.1) with AarTransform
Transforming lifecycle-livedata-2.6.1.aar (androidx.lifecycle:lifecycle-livedata:2.6.1) with ExtractAarTransform
Transforming lifecycle-livedata-2.6.1.aar (androidx.lifecycle:lifecycle-livedata:2.6.1) with AarTransform
Transforming lifecycle-viewmodel-2.6.1.aar (androidx.lifecycle:lifecycle-viewmodel:2.6.1) with ExtractAarTransform
Transforming lifecycle-viewmodel-2.6.1.aar (androidx.lifecycle:lifecycle-viewmodel:2.6.1) with AarTransform
Transforming lifecycle-viewmodel-2.6.1.aar (androidx.lifecycle:lifecycle-viewmodel:2.6.1) with ExtractAarTransform
Transforming lifecycle-viewmodel-2.6.1.aar (androidx.lifecycle:lifecycle-viewmodel:2.6.1) with AarTransform
Transforming lifecycle-runtime-2.6.1.aar (androidx.lifecycle:lifecycle-runtime:2.6.1) with ExtractAarTransform
Transforming lifecycle-runtime-2.6.1.aar (androidx.lifecycle:lifecycle-runtime:2.6.1) with AarTransform
Transforming lifecycle-viewmodel-savedstate-2.6.1.aar (androidx.lifecycle:lifecycle-viewmodel-savedstate:2.6.1) with ExtractAarTransform
Transforming lifecycle-viewmodel-savedstate-2.6.1.aar (androidx.lifecycle:lifecycle-viewmodel-savedstate:2.6.1) with AarTransform
Transforming core-ktx-1.9.0.aar (androidx.core:core-ktx:1.9.0) with ExtractAarTransform
Transforming core-ktx-1.9.0.aar (androidx.core:core-ktx:1.9.0) with AarTransform
Transforming viewpager-1.0.0.aar (androidx.viewpager:viewpager:1.0.0) with ExtractAarTransform
Transforming viewpager-1.0.0.aar (androidx.viewpager:viewpager:1.0.0) with AarTransform
Transforming recyclerview-1.1.0.aar (androidx.recyclerview:recyclerview:1.1.0) with ExtractAarTransform
Transforming recyclerview-1.1.0.aar (androidx.recyclerview:recyclerview:1.1.0) with AarTransform
Transforming recyclerview-1.1.0.aar (androidx.recyclerview:recyclerview:1.1.0) with ExtractAarTransform
Transforming recyclerview-1.1.0.aar (androidx.recyclerview:recyclerview:1.1.0) with AarTransform
Transforming customview-1.1.0.aar (androidx.customview:customview:1.1.0) with ExtractAarTransform
Transforming customview-1.1.0.aar (androidx.customview:customview:1.1.0) with AarTransform
Transforming core-1.9.0.aar (androidx.core:core:1.9.0) with ExtractAarTransform
Transforming core-1.9.0.aar (androidx.core:core:1.9.0) with AarTransform
Transforming core-1.9.0.aar (androidx.core:core:1.9.0) with ExtractAarTransform
Transforming core-1.9.0.aar (androidx.core:core:1.9.0) with AarTransform
Transforming cursoradapter-1.0.0.aar (androidx.cursoradapter:cursoradapter:1.0.0) with ExtractAarTransform
Transforming cursoradapter-1.0.0.aar (androidx.cursoradapter:cursoradapter:1.0.0) with AarTransform
Transforming cardview-1.0.0.aar (androidx.cardview:cardview:1.0.0) with ExtractAarTransform
Transforming cardview-1.0.0.aar (androidx.cardview:cardview:1.0.0) with AarTransform
Transforming versionedparcelable-1.1.1.aar (androidx.versionedparcelable:versionedparcelable:1.1.1) with ExtractAarTransform
Transforming versionedparcelable-1.1.1.aar (androidx.versionedparcelable:versionedparcelable:1.1.1) with AarTransform
Transforming profileinstaller-1.3.0.aar (androidx.profileinstaller:profileinstaller:1.3.0) with ExtractAarTransform
Transforming profileinstaller-1.3.0.aar (androidx.profileinstaller:profileinstaller:1.3.0) with AarTransform
Transforming startup-runtime-1.1.1.aar (androidx.startup:startup-runtime:1.1.1) with ExtractAarTransform
Transforming startup-runtime-1.1.1.aar (androidx.startup:startup-runtime:1.1.1) with AarTransform
Transforming tracing-1.0.0.aar (androidx.tracing:tracing:1.0.0) with ExtractAarTransform
Transforming tracing-1.0.0.aar (androidx.tracing:tracing:1.0.0) with AarTransform
Transforming interpolator-1.0.0.aar (androidx.interpolator:interpolator:1.0.0) with ExtractAarTransform
Transforming interpolator-1.0.0.aar (androidx.interpolator:interpolator:1.0.0) with AarTransform
Transforming core-runtime-2.2.0.aar (androidx.arch.core:core-runtime:2.2.0) with ExtractAarTransform
Transforming core-runtime-2.2.0.aar (androidx.arch.core:core-runtime:2.2.0) with AarTransform
Transforming localbroadcastmanager-1.0.0.aar (androidx.localbroadcastmanager:localbroadcastmanager:1.0.0) with ExtractAarTransform
Transforming localbroadcastmanager-1.0.0.aar (androidx.localbroadcastmanager:localbroadcastmanager:1.0.0) with AarTransform
Transforming print-1.0.0.aar (androidx.print:print:1.0.0) with ExtractAarTransform
Transforming print-1.0.0.aar (androidx.print:print:1.0.0) with AarTransform
Transforming annotation-experimental-1.3.0.aar (androidx.annotation:annotation-experimental:1.3.0) with ExtractAarTransform
Transforming annotation-experimental-1.3.0.aar (androidx.annotation:annotation-experimental:1.3.0) with AarTransform
Transforming material-1.11.0.aar (com.google.android.material:material:1.11.0) with ExtractAarTransform
Transforming material-1.11.0.aar (com.google.android.material:material:1.11.0) with AarTransform
Transforming constraintlayout-2.1.4.aar (androidx.constraintlayout:constraintlayout:2.1.4) with ExtractAarTransform
Transforming constraintlayout-2.1.4.aar (androidx.constraintlayout:constraintlayout:2.1.4) with AarTransform
Transforming appcompat-resources-1.6.1.aar (androidx.appcompat:appcompat-resources:1.6.1) with ExtractAarTransform
Transforming appcompat-resources-1.6.1.aar (androidx.appcompat:appcompat-resources:1.6.1) with AarTransform
Transforming appcompat-1.6.1.aar (androidx.appcompat:appcompat:1.6.1) with ExtractAarTransform
Transforming appcompat-1.6.1.aar (androidx.appcompat:appcompat:1.6.1) with AarTransform
Transforming usb-serial-for-android-3.7.0.aar (com.github.mik3y:usb-serial-for-android:3.7.0) with ExtractAarTransform
Transforming usb-serial-for-android-3.7.0.aar (com.github.mik3y:usb-serial-for-android:3.7.0) with AarTransform
Transforming dynamicanimation-1.0.0.aar (androidx.dynamicanimation:dynamicanimation:1.0.0) with ExtractAarTransform
Transforming dynamicanimation-1.0.0.aar (androidx.dynamicanimation:dynamicanimation:1.0.0) with AarTransform
Transforming legacy-support-core-utils-1.0.0.aar (androidx.legacy:legacy-support-core-utils:1.0.0) with ExtractAarTransform
Transforming legacy-support-core-utils-1.0.0.aar (androidx.legacy:legacy-support-core-utils:1.0.0) with AarTransform
Transforming documentfile-1.0.1.aar (androidx.documentfile:documentfile:1.0.1) with ExtractAarTransform
Transforming documentfile-1.0.1.aar (androidx.documentfile:documentfile:1.0.1) with AarTransform
Transforming documentfile-1.0.1.aar (androidx.documentfile:documentfile:1.0.1) with ExtractAarTransform
Transforming documentfile-1.0.1.aar (androidx.documentfile:documentfile:1.0.1) with AarTransform
Transforming viewpager2-1.0.0.aar (androidx.viewpager2:viewpager2:1.0.0) with ExtractAarTransform
Transforming viewpager2-1.0.0.aar (androidx.viewpager2:viewpager2:1.0.0) with AarTransform
Transforming fragment-1.3.6.aar (androidx.fragment:fragment:1.3.6) with ExtractAarTransform
Transforming fragment-1.3.6.aar (androidx.fragment:fragment:1.3.6) with AarTransform
Transforming fragment-1.3.6.aar (androidx.fragment:fragment:1.3.6) with ExtractAarTransform
Transforming fragment-1.3.6.aar (androidx.fragment:fragment:1.3.6) with AarTransform
Transforming activity-1.8.0.aar (androidx.activity:activity:1.8.0) with ExtractAarTransform
Transforming activity-1.8.0.aar (androidx.activity:activity:1.8.0) with AarTransform
Transforming emoji2-views-helper-1.2.0.aar (androidx.emoji2:emoji2-views-helper:1.2.0) with ExtractAarTransform
Transforming emoji2-views-helper-1.2.0.aar (androidx.emoji2:emoji2-views-helper:1.2.0) with AarTransform
Transforming emoji2-1.2.0.aar (androidx.emoji2:emoji2:1.2.0) with ExtractAarTransform
Transforming emoji2-1.2.0.aar (androidx.emoji2:emoji2:1.2.0) with AarTransform
Transforming drawerlayout-1.1.1.aar (androidx.drawerlayout:drawerlayout:1.1.1) with ExtractAarTransform
Transforming drawerlayout-1.1.1.aar (androidx.drawerlayout:drawerlayout:1.1.1) with AarTransform
Transforming coordinatorlayout-1.1.0.aar (androidx.coordinatorlayout:coordinatorlayout:1.1.0) with ExtractAarTransform
Transforming coordinatorlayout-1.1.0.aar (androidx.coordinatorlayout:coordinatorlayout:1.1.0) with AarTransform
Transforming transition-1.2.0.aar (androidx.transition:transition:1.2.0) with ExtractAarTransform
Transforming transition-1.2.0.aar (androidx.transition:transition:1.2.0) with AarTransform
Transforming vectordrawable-animated-1.1.0.aar (androidx.vectordrawable:vectordrawable-animated:1.1.0) with ExtractAarTransform
Transforming vectordrawable-animated-1.1.0.aar (androidx.vectordrawable:vectordrawable-animated:1.1.0) with AarTransform
Transforming vectordrawable-1.1.0.aar (androidx.vectordrawable:vectordrawable:1.1.0) with ExtractAarTransform
Transforming vectordrawable-1.1.0.aar (androidx.vectordrawable:vectordrawable:1.1.0) with AarTransform
Transforming vectordrawable-1.1.0.aar (androidx.vectordrawable:vectordrawable:1.1.0) with ExtractAarTransform
Transforming vectordrawable-1.1.0.aar (androidx.vectordrawable:vectordrawable:1.1.0) with AarTransform
Transforming loader-1.0.0.aar (androidx.loader:loader:1.0.0) with ExtractAarTransform
Transforming loader-1.0.0.aar (androidx.loader:loader:1.0.0) with AarTransform
Transforming loader-1.0.0.aar (androidx.loader:loader:1.0.0) with ExtractAarTransform
Transforming loader-1.0.0.aar (androidx.loader:loader:1.0.0) with AarTransform
Transforming savedstate-1.2.1.aar (androidx.savedstate:savedstate:1.2.1) with ExtractAarTransform
Transforming savedstate-1.2.1.aar (androidx.savedstate:savedstate:1.2.1) with AarTransform
Transforming lifecycle-process-2.6.1.aar (androidx.lifecycle:lifecycle-process:2.6.1) with ExtractAarTransform
Transforming lifecycle-process-2.6.1.aar (androidx.lifecycle:lifecycle-process:2.6.1) with AarTransform
Transforming lifecycle-livedata-core-2.6.1.aar (androidx.lifecycle:lifecycle-livedata-core:2.6.1) with ExtractAarTransform
Transforming lifecycle-livedata-core-2.6.1.aar (androidx.lifecycle:lifecycle-livedata-core:2.6.1) with AarTransform
Transforming lifecycle-livedata-2.6.1.aar (androidx.lifecycle:lifecycle-livedata:2.6.1) with ExtractAarTransform
Transforming lifecycle-livedata-2.6.1.aar (androidx.lifecycle:lifecycle-livedata:2.6.1) with AarTransform
Transforming lifecycle-viewmodel-2.6.1.aar (androidx.lifecycle:lifecycle-viewmodel:2.6.1) with ExtractAarTransform
Transforming lifecycle-viewmodel-2.6.1.aar (androidx.lifecycle:lifecycle-viewmodel:2.6.1) with AarTransform
Transforming lifecycle-viewmodel-2.6.1.aar (androidx.lifecycle:lifecycle-viewmodel:2.6.1) with ExtractAarTransform
Transforming lifecycle-viewmodel-2.6.1.aar (androidx.lifecycle:lifecycle-viewmodel:2.6.1) with AarTransform
Transforming lifecycle-runtime-2.6.1.aar (androidx.lifecycle:lifecycle-runtime:2.6.1) with ExtractAarTransform
Transforming lifecycle-runtime-2.6.1.aar (androidx.lifecycle:lifecycle-runtime:2.6.1) with AarTransform
Transforming lifecycle-viewmodel-savedstate-2.6.1.aar (androidx.lifecycle:lifecycle-viewmodel-savedstate:2.6.1) with ExtractAarTransform
Transforming lifecycle-viewmodel-savedstate-2.6.1.aar (androidx.lifecycle:lifecycle-viewmodel-savedstate:2.6.1) with AarTransform
Transforming core-ktx-1.9.0.aar (androidx.core:core-ktx:1.9.0) with ExtractAarTransform
Transforming core-ktx-1.9.0.aar (androidx.core:core-ktx:1.9.0) with AarTransform
Transforming viewpager-1.0.0.aar (androidx.viewpager:viewpager:1.0.0) with ExtractAarTransform
Transforming viewpager-1.0.0.aar (androidx.viewpager:viewpager:1.0.0) with AarTransform
Transforming recyclerview-1.1.0.aar (androidx.recyclerview:recyclerview:1.1.0) with ExtractAarTransform
Transforming recyclerview-1.1.0.aar (androidx.recyclerview:recyclerview:1.1.0) with AarTransform
Transforming recyclerview-1.1.0.aar (androidx.recyclerview:recyclerview:1.1.0) with ExtractAarTransform
Transforming recyclerview-1.1.0.aar (androidx.recyclerview:recyclerview:1.1.0) with AarTransform
Transforming customview-1.1.0.aar (androidx.customview:customview:1.1.0) with ExtractAarTransform
Transforming customview-1.1.0.aar (androidx.customview:customview:1.1.0) with AarTransform
Transforming core-1.9.0.aar (androidx.core:core:1.9.0) with ExtractAarTransform
Transforming core-1.9.0.aar (androidx.core:core:1.9.0) with AarTransform
Transforming core-1.9.0.aar (androidx.core:core:1.9.0) with ExtractAarTransform
Transforming core-1.9.0.aar (androidx.core:core:1.9.0) with AarTransform
Transforming cursoradapter-1.0.0.aar (androidx.cursoradapter:cursoradapter:1.0.0) with ExtractAarTransform
Transforming cursoradapter-1.0.0.aar (androidx.cursoradapter:cursoradapter:1.0.0) with AarTransform
Transforming cardview-1.0.0.aar (androidx.cardview:cardview:1.0.0) with ExtractAarTransform
Transforming cardview-1.0.0.aar (androidx.cardview:cardview:1.0.0) with AarTransform
Transforming versionedparcelable-1.1.1.aar (androidx.versionedparcelable:versionedparcelable:1.1.1) with ExtractAarTransform
Transforming versionedparcelable-1.1.1.aar (androidx.versionedparcelable:versionedparcelable:1.1.1) with AarTransform
Transforming profileinstaller-1.3.0.aar (androidx.profileinstaller:profileinstaller:1.3.0) with ExtractAarTransform
Transforming profileinstaller-1.3.0.aar (androidx.profileinstaller:profileinstaller:1.3.0) with AarTransform
Transforming startup-runtime-1.1.1.aar (androidx.startup:startup-runtime:1.1.1) with ExtractAarTransform
Transforming startup-runtime-1.1.1.aar (androidx.startup:startup-runtime:1.1.1) with AarTransform
Transforming tracing-1.0.0.aar (androidx.tracing:tracing:1.0.0) with ExtractAarTransform
Transforming tracing-1.0.0.aar (androidx.tracing:tracing:1.0.0) with AarTransform
Transforming interpolator-1.0.0.aar (androidx.interpolator:interpolator:1.0.0) with ExtractAarTransform
Transforming interpolator-1.0.0.aar (androidx.interpolator:interpolator:1.0.0) with AarTransform
Transforming core-runtime-2.2.0.aar (androidx.arch.core:core-runtime:2.2.0) with ExtractAarTransform
Transforming core-runtime-2.2.0.aar (androidx.arch.core:core-runtime:2.2.0) with AarTransform
Transforming localbroadcastmanager-1.0.0.aar (androidx.localbroadcastmanager:localbroadcastmanager:1.0.0) with ExtractAarTransform
Transforming localbroadcastmanager-1.0.0.aar (androidx.localbroadcastmanager:localbroadcastmanager:1.0.0) with AarTransform
Transforming print-1.0.0.aar (androidx.print:print:1.0.0) with ExtractAarTransform
Transforming print-1.0.0.aar (androidx.print:print:1.0.0) with AarTransform
Transforming annotation-experimental-1.3.0.aar (androidx.annotation:annotation-experimental:1.3.0) with ExtractAarTransform
Transforming annotation-experimental-1.3.0.aar (androidx.annotation:annotation-experimental:1.3.0) with AarTransform
Caching disabled for task ':app:processDebugMainManifest' because:
  Build cache is disabled
Skipping task ':app:processDebugMainManifest' as it is up-to-date.
Resolve mutations for :app:processDebugManifest (Thread[included builds,5,main]) started.
:app:processDebugManifest (Thread[included builds,5,main]) started.

> Task :app:processDebugManifest UP-TO-DATE
Caching disabled for task ':app:processDebugManifest' because:
  Build cache is disabled
Skipping task ':app:processDebugManifest' as it is up-to-date.
Resolve mutations for :app:processDebugManifestForPackage (Thread[included builds,5,main]) started.
:app:processDebugManifestForPackage (Thread[included builds,5,main]) started.

> Task :app:processDebugManifestForPackage UP-TO-DATE
Caching disabled for task ':app:processDebugManifestForPackage' because:
  Build cache is disabled
Skipping task ':app:processDebugManifestForPackage' as it is up-to-date.
Resolve mutations for :app:processDebugResources (Thread[included builds,5,main]) started.
:app:processDebugResources (Thread[included builds,5,main]) started.

> Task :app:processDebugResources UP-TO-DATE
Transforming aapt2-8.2.0-10154469-osx.jar (com.android.tools.build:aapt2:8.2.0-10154469) with Aapt2Extractor
Transforming material-1.11.0.aar (com.google.android.material:material:1.11.0) with ExtractAarTransform
Transforming material-1.11.0.aar (com.google.android.material:material:1.11.0) with AarResourcesCompilerTransform
Transforming constraintlayout-2.1.4.aar (androidx.constraintlayout:constraintlayout:2.1.4) with ExtractAarTransform
Transforming constraintlayout-2.1.4.aar (androidx.constraintlayout:constraintlayout:2.1.4) with AarResourcesCompilerTransform
Transforming appcompat-resources-1.6.1.aar (androidx.appcompat:appcompat-resources:1.6.1) with ExtractAarTransform
Transforming appcompat-resources-1.6.1.aar (androidx.appcompat:appcompat-resources:1.6.1) with AarResourcesCompilerTransform
Transforming appcompat-1.6.1.aar (androidx.appcompat:appcompat:1.6.1) with ExtractAarTransform
Transforming appcompat-1.6.1.aar (androidx.appcompat:appcompat:1.6.1) with AarResourcesCompilerTransform
Transforming usb-serial-for-android-3.7.0.aar (com.github.mik3y:usb-serial-for-android:3.7.0) with ExtractAarTransform
Transforming usb-serial-for-android-3.7.0.aar (com.github.mik3y:usb-serial-for-android:3.7.0) with AarResourcesCompilerTransform
Transforming dynamicanimation-1.0.0.aar (androidx.dynamicanimation:dynamicanimation:1.0.0) with ExtractAarTransform
Transforming dynamicanimation-1.0.0.aar (androidx.dynamicanimation:dynamicanimation:1.0.0) with AarResourcesCompilerTransform
Transforming legacy-support-core-utils-1.0.0.aar (androidx.legacy:legacy-support-core-utils:1.0.0) with ExtractAarTransform
Transforming legacy-support-core-utils-1.0.0.aar (androidx.legacy:legacy-support-core-utils:1.0.0) with AarResourcesCompilerTransform
Transforming documentfile-1.0.1.aar (androidx.documentfile:documentfile:1.0.1) with ExtractAarTransform
Transforming documentfile-1.0.1.aar (androidx.documentfile:documentfile:1.0.1) with AarResourcesCompilerTransform
Transforming documentfile-1.0.1.aar (androidx.documentfile:documentfile:1.0.1) with ExtractAarTransform
Transforming documentfile-1.0.1.aar (androidx.documentfile:documentfile:1.0.1) with AarResourcesCompilerTransform
Transforming viewpager2-1.0.0.aar (androidx.viewpager2:viewpager2:1.0.0) with ExtractAarTransform
Transforming viewpager2-1.0.0.aar (androidx.viewpager2:viewpager2:1.0.0) with AarResourcesCompilerTransform
Transforming fragment-1.3.6.aar (androidx.fragment:fragment:1.3.6) with ExtractAarTransform
Transforming fragment-1.3.6.aar (androidx.fragment:fragment:1.3.6) with AarResourcesCompilerTransform
Transforming fragment-1.3.6.aar (androidx.fragment:fragment:1.3.6) with ExtractAarTransform
Transforming fragment-1.3.6.aar (androidx.fragment:fragment:1.3.6) with AarResourcesCompilerTransform
Transforming activity-1.8.0.aar (androidx.activity:activity:1.8.0) with ExtractAarTransform
Transforming activity-1.8.0.aar (androidx.activity:activity:1.8.0) with AarResourcesCompilerTransform
Transforming emoji2-views-helper-1.2.0.aar (androidx.emoji2:emoji2-views-helper:1.2.0) with ExtractAarTransform
Transforming emoji2-views-helper-1.2.0.aar (androidx.emoji2:emoji2-views-helper:1.2.0) with AarResourcesCompilerTransform
Transforming emoji2-1.2.0.aar (androidx.emoji2:emoji2:1.2.0) with ExtractAarTransform
Transforming emoji2-1.2.0.aar (androidx.emoji2:emoji2:1.2.0) with AarResourcesCompilerTransform
Transforming drawerlayout-1.1.1.aar (androidx.drawerlayout:drawerlayout:1.1.1) with ExtractAarTransform
Transforming drawerlayout-1.1.1.aar (androidx.drawerlayout:drawerlayout:1.1.1) with AarResourcesCompilerTransform
Transforming coordinatorlayout-1.1.0.aar (androidx.coordinatorlayout:coordinatorlayout:1.1.0) with ExtractAarTransform
Transforming coordinatorlayout-1.1.0.aar (androidx.coordinatorlayout:coordinatorlayout:1.1.0) with AarResourcesCompilerTransform
Transforming transition-1.2.0.aar (androidx.transition:transition:1.2.0) with ExtractAarTransform
Transforming transition-1.2.0.aar (androidx.transition:transition:1.2.0) with AarResourcesCompilerTransform
Transforming vectordrawable-animated-1.1.0.aar (androidx.vectordrawable:vectordrawable-animated:1.1.0) with ExtractAarTransform
Transforming vectordrawable-animated-1.1.0.aar (androidx.vectordrawable:vectordrawable-animated:1.1.0) with AarResourcesCompilerTransform
Transforming vectordrawable-1.1.0.aar (androidx.vectordrawable:vectordrawable:1.1.0) with ExtractAarTransform
Transforming vectordrawable-1.1.0.aar (androidx.vectordrawable:vectordrawable:1.1.0) with AarResourcesCompilerTransform
Transforming vectordrawable-1.1.0.aar (androidx.vectordrawable:vectordrawable:1.1.0) with ExtractAarTransform
Transforming vectordrawable-1.1.0.aar (androidx.vectordrawable:vectordrawable:1.1.0) with AarResourcesCompilerTransform
Transforming loader-1.0.0.aar (androidx.loader:loader:1.0.0) with ExtractAarTransform
Transforming loader-1.0.0.aar (androidx.loader:loader:1.0.0) with AarResourcesCompilerTransform
Transforming loader-1.0.0.aar (androidx.loader:loader:1.0.0) with ExtractAarTransform
Transforming loader-1.0.0.aar (androidx.loader:loader:1.0.0) with AarResourcesCompilerTransform
Transforming savedstate-1.2.1.aar (androidx.savedstate:savedstate:1.2.1) with ExtractAarTransform
Transforming savedstate-1.2.1.aar (androidx.savedstate:savedstate:1.2.1) with AarResourcesCompilerTransform
Transforming lifecycle-process-2.6.1.aar (androidx.lifecycle:lifecycle-process:2.6.1) with ExtractAarTransform
Transforming lifecycle-process-2.6.1.aar (androidx.lifecycle:lifecycle-process:2.6.1) with AarResourcesCompilerTransform
Transforming lifecycle-livedata-core-2.6.1.aar (androidx.lifecycle:lifecycle-livedata-core:2.6.1) with ExtractAarTransform
Transforming lifecycle-livedata-core-2.6.1.aar (androidx.lifecycle:lifecycle-livedata-core:2.6.1) with AarResourcesCompilerTransform
Transforming lifecycle-livedata-2.6.1.aar (androidx.lifecycle:lifecycle-livedata:2.6.1) with ExtractAarTransform
Transforming lifecycle-livedata-2.6.1.aar (androidx.lifecycle:lifecycle-livedata:2.6.1) with AarResourcesCompilerTransform
Transforming lifecycle-viewmodel-2.6.1.aar (androidx.lifecycle:lifecycle-viewmodel:2.6.1) with ExtractAarTransform
Transforming lifecycle-viewmodel-2.6.1.aar (androidx.lifecycle:lifecycle-viewmodel:2.6.1) with AarResourcesCompilerTransform
Transforming lifecycle-viewmodel-2.6.1.aar (androidx.lifecycle:lifecycle-viewmodel:2.6.1) with ExtractAarTransform
Transforming lifecycle-viewmodel-2.6.1.aar (androidx.lifecycle:lifecycle-viewmodel:2.6.1) with AarResourcesCompilerTransform
Transforming lifecycle-runtime-2.6.1.aar (androidx.lifecycle:lifecycle-runtime:2.6.1) with ExtractAarTransform
Transforming lifecycle-runtime-2.6.1.aar (androidx.lifecycle:lifecycle-runtime:2.6.1) with AarResourcesCompilerTransform
Transforming lifecycle-viewmodel-savedstate-2.6.1.aar (androidx.lifecycle:lifecycle-viewmodel-savedstate:2.6.1) with ExtractAarTransform
Transforming lifecycle-viewmodel-savedstate-2.6.1.aar (androidx.lifecycle:lifecycle-viewmodel-savedstate:2.6.1) with AarResourcesCompilerTransform
Transforming core-ktx-1.9.0.aar (androidx.core:core-ktx:1.9.0) with ExtractAarTransform
Transforming core-ktx-1.9.0.aar (androidx.core:core-ktx:1.9.0) with AarResourcesCompilerTransform
Transforming viewpager-1.0.0.aar (androidx.viewpager:viewpager:1.0.0) with ExtractAarTransform
Transforming viewpager-1.0.0.aar (androidx.viewpager:viewpager:1.0.0) with AarResourcesCompilerTransform
Transforming recyclerview-1.1.0.aar (androidx.recyclerview:recyclerview:1.1.0) with ExtractAarTransform
Transforming recyclerview-1.1.0.aar (androidx.recyclerview:recyclerview:1.1.0) with AarResourcesCompilerTransform
Transforming recyclerview-1.1.0.aar (androidx.recyclerview:recyclerview:1.1.0) with ExtractAarTransform
Transforming recyclerview-1.1.0.aar (androidx.recyclerview:recyclerview:1.1.0) with AarResourcesCompilerTransform
Transforming customview-1.1.0.aar (androidx.customview:customview:1.1.0) with ExtractAarTransform
Transforming customview-1.1.0.aar (androidx.customview:customview:1.1.0) with AarResourcesCompilerTransform
Transforming core-1.9.0.aar (androidx.core:core:1.9.0) with ExtractAarTransform
Transforming core-1.9.0.aar (androidx.core:core:1.9.0) with AarResourcesCompilerTransform
Transforming core-1.9.0.aar (androidx.core:core:1.9.0) with ExtractAarTransform
Transforming core-1.9.0.aar (androidx.core:core:1.9.0) with AarResourcesCompilerTransform
Transforming cursoradapter-1.0.0.aar (androidx.cursoradapter:cursoradapter:1.0.0) with ExtractAarTransform
Transforming cursoradapter-1.0.0.aar (androidx.cursoradapter:cursoradapter:1.0.0) with AarResourcesCompilerTransform
Transforming cardview-1.0.0.aar (androidx.cardview:cardview:1.0.0) with ExtractAarTransform
Transforming cardview-1.0.0.aar (androidx.cardview:cardview:1.0.0) with AarResourcesCompilerTransform
Transforming versionedparcelable-1.1.1.aar (androidx.versionedparcelable:versionedparcelable:1.1.1) with ExtractAarTransform
Transforming versionedparcelable-1.1.1.aar (androidx.versionedparcelable:versionedparcelable:1.1.1) with AarResourcesCompilerTransform
Transforming profileinstaller-1.3.0.aar (androidx.profileinstaller:profileinstaller:1.3.0) with ExtractAarTransform
Transforming profileinstaller-1.3.0.aar (androidx.profileinstaller:profileinstaller:1.3.0) with AarResourcesCompilerTransform
Transforming startup-runtime-1.1.1.aar (androidx.startup:startup-runtime:1.1.1) with ExtractAarTransform
Transforming startup-runtime-1.1.1.aar (androidx.startup:startup-runtime:1.1.1) with AarResourcesCompilerTransform
Transforming tracing-1.0.0.aar (androidx.tracing:tracing:1.0.0) with ExtractAarTransform
Transforming tracing-1.0.0.aar (androidx.tracing:tracing:1.0.0) with AarResourcesCompilerTransform
Transforming interpolator-1.0.0.aar (androidx.interpolator:interpolator:1.0.0) with ExtractAarTransform
Transforming interpolator-1.0.0.aar (androidx.interpolator:interpolator:1.0.0) with AarResourcesCompilerTransform
Transforming core-runtime-2.2.0.aar (androidx.arch.core:core-runtime:2.2.0) with ExtractAarTransform
Transforming core-runtime-2.2.0.aar (androidx.arch.core:core-runtime:2.2.0) with AarResourcesCompilerTransform
Transforming localbroadcastmanager-1.0.0.aar (androidx.localbroadcastmanager:localbroadcastmanager:1.0.0) with ExtractAarTransform
Transforming localbroadcastmanager-1.0.0.aar (androidx.localbroadcastmanager:localbroadcastmanager:1.0.0) with AarResourcesCompilerTransform
Transforming print-1.0.0.aar (androidx.print:print:1.0.0) with ExtractAarTransform
Transforming print-1.0.0.aar (androidx.print:print:1.0.0) with AarResourcesCompilerTransform
Transforming annotation-experimental-1.3.0.aar (androidx.annotation:annotation-experimental:1.3.0) with ExtractAarTransform
Transforming annotation-experimental-1.3.0.aar (androidx.annotation:annotation-experimental:1.3.0) with AarResourcesCompilerTransform
Transforming material-1.11.0.aar (com.google.android.material:material:1.11.0) with ExtractAarTransform
Transforming material-1.11.0.aar (com.google.android.material:material:1.11.0) with LibrarySymbolTableTransform
Transforming constraintlayout-2.1.4.aar (androidx.constraintlayout:constraintlayout:2.1.4) with ExtractAarTransform
Transforming constraintlayout-2.1.4.aar (androidx.constraintlayout:constraintlayout:2.1.4) with LibrarySymbolTableTransform
Transforming appcompat-resources-1.6.1.aar (androidx.appcompat:appcompat-resources:1.6.1) with ExtractAarTransform
Transforming appcompat-resources-1.6.1.aar (androidx.appcompat:appcompat-resources:1.6.1) with LibrarySymbolTableTransform
Transforming appcompat-1.6.1.aar (androidx.appcompat:appcompat:1.6.1) with ExtractAarTransform
Transforming appcompat-1.6.1.aar (androidx.appcompat:appcompat:1.6.1) with LibrarySymbolTableTransform
Transforming usb-serial-for-android-3.7.0.aar (com.github.mik3y:usb-serial-for-android:3.7.0) with ExtractAarTransform
Transforming usb-serial-for-android-3.7.0.aar (com.github.mik3y:usb-serial-for-android:3.7.0) with LibrarySymbolTableTransform
Transforming dynamicanimation-1.0.0.aar (androidx.dynamicanimation:dynamicanimation:1.0.0) with ExtractAarTransform
Transforming dynamicanimation-1.0.0.aar (androidx.dynamicanimation:dynamicanimation:1.0.0) with LibrarySymbolTableTransform
Transforming legacy-support-core-utils-1.0.0.aar (androidx.legacy:legacy-support-core-utils:1.0.0) with ExtractAarTransform
Transforming legacy-support-core-utils-1.0.0.aar (androidx.legacy:legacy-support-core-utils:1.0.0) with LibrarySymbolTableTransform
Transforming documentfile-1.0.1.aar (androidx.documentfile:documentfile:1.0.1) with ExtractAarTransform
Transforming documentfile-1.0.1.aar (androidx.documentfile:documentfile:1.0.1) with LibrarySymbolTableTransform
Transforming documentfile-1.0.1.aar (androidx.documentfile:documentfile:1.0.1) with ExtractAarTransform
Transforming documentfile-1.0.1.aar (androidx.documentfile:documentfile:1.0.1) with LibrarySymbolTableTransform
Transforming viewpager2-1.0.0.aar (androidx.viewpager2:viewpager2:1.0.0) with ExtractAarTransform
Transforming viewpager2-1.0.0.aar (androidx.viewpager2:viewpager2:1.0.0) with LibrarySymbolTableTransform
Transforming fragment-1.3.6.aar (androidx.fragment:fragment:1.3.6) with ExtractAarTransform
Transforming fragment-1.3.6.aar (androidx.fragment:fragment:1.3.6) with LibrarySymbolTableTransform
Transforming fragment-1.3.6.aar (androidx.fragment:fragment:1.3.6) with ExtractAarTransform
Transforming fragment-1.3.6.aar (androidx.fragment:fragment:1.3.6) with LibrarySymbolTableTransform
Transforming activity-1.8.0.aar (androidx.activity:activity:1.8.0) with ExtractAarTransform
Transforming activity-1.8.0.aar (androidx.activity:activity:1.8.0) with LibrarySymbolTableTransform
Transforming emoji2-views-helper-1.2.0.aar (androidx.emoji2:emoji2-views-helper:1.2.0) with ExtractAarTransform
Transforming emoji2-views-helper-1.2.0.aar (androidx.emoji2:emoji2-views-helper:1.2.0) with LibrarySymbolTableTransform
Transforming emoji2-1.2.0.aar (androidx.emoji2:emoji2:1.2.0) with ExtractAarTransform
Transforming emoji2-1.2.0.aar (androidx.emoji2:emoji2:1.2.0) with LibrarySymbolTableTransform
Transforming drawerlayout-1.1.1.aar (androidx.drawerlayout:drawerlayout:1.1.1) with ExtractAarTransform
Transforming drawerlayout-1.1.1.aar (androidx.drawerlayout:drawerlayout:1.1.1) with LibrarySymbolTableTransform
Transforming coordinatorlayout-1.1.0.aar (androidx.coordinatorlayout:coordinatorlayout:1.1.0) with ExtractAarTransform
Transforming coordinatorlayout-1.1.0.aar (androidx.coordinatorlayout:coordinatorlayout:1.1.0) with LibrarySymbolTableTransform
Transforming transition-1.2.0.aar (androidx.transition:transition:1.2.0) with ExtractAarTransform
Transforming transition-1.2.0.aar (androidx.transition:transition:1.2.0) with LibrarySymbolTableTransform
Transforming vectordrawable-animated-1.1.0.aar (androidx.vectordrawable:vectordrawable-animated:1.1.0) with ExtractAarTransform
Transforming vectordrawable-animated-1.1.0.aar (androidx.vectordrawable:vectordrawable-animated:1.1.0) with LibrarySymbolTableTransform
Transforming vectordrawable-1.1.0.aar (androidx.vectordrawable:vectordrawable:1.1.0) with ExtractAarTransform
Transforming vectordrawable-1.1.0.aar (androidx.vectordrawable:vectordrawable:1.1.0) with LibrarySymbolTableTransform
Transforming vectordrawable-1.1.0.aar (androidx.vectordrawable:vectordrawable:1.1.0) with ExtractAarTransform
Transforming vectordrawable-1.1.0.aar (androidx.vectordrawable:vectordrawable:1.1.0) with LibrarySymbolTableTransform
Transforming loader-1.0.0.aar (androidx.loader:loader:1.0.0) with ExtractAarTransform
Transforming loader-1.0.0.aar (androidx.loader:loader:1.0.0) with LibrarySymbolTableTransform
Transforming loader-1.0.0.aar (androidx.loader:loader:1.0.0) with ExtractAarTransform
Transforming loader-1.0.0.aar (androidx.loader:loader:1.0.0) with LibrarySymbolTableTransform
Transforming savedstate-1.2.1.aar (androidx.savedstate:savedstate:1.2.1) with ExtractAarTransform
Transforming savedstate-1.2.1.aar (androidx.savedstate:savedstate:1.2.1) with LibrarySymbolTableTransform
Transforming lifecycle-process-2.6.1.aar (androidx.lifecycle:lifecycle-process:2.6.1) with ExtractAarTransform
Transforming lifecycle-process-2.6.1.aar (androidx.lifecycle:lifecycle-process:2.6.1) with LibrarySymbolTableTransform
Transforming lifecycle-livedata-core-2.6.1.aar (androidx.lifecycle:lifecycle-livedata-core:2.6.1) with ExtractAarTransform
Transforming lifecycle-livedata-core-2.6.1.aar (androidx.lifecycle:lifecycle-livedata-core:2.6.1) with LibrarySymbolTableTransform
Transforming lifecycle-livedata-2.6.1.aar (androidx.lifecycle:lifecycle-livedata:2.6.1) with ExtractAarTransform
Transforming lifecycle-livedata-2.6.1.aar (androidx.lifecycle:lifecycle-livedata:2.6.1) with LibrarySymbolTableTransform
Transforming lifecycle-viewmodel-2.6.1.aar (androidx.lifecycle:lifecycle-viewmodel:2.6.1) with ExtractAarTransform
Transforming lifecycle-viewmodel-2.6.1.aar (androidx.lifecycle:lifecycle-viewmodel:2.6.1) with LibrarySymbolTableTransform
Transforming lifecycle-viewmodel-2.6.1.aar (androidx.lifecycle:lifecycle-viewmodel:2.6.1) with ExtractAarTransform
Transforming lifecycle-viewmodel-2.6.1.aar (androidx.lifecycle:lifecycle-viewmodel:2.6.1) with LibrarySymbolTableTransform
Transforming lifecycle-runtime-2.6.1.aar (androidx.lifecycle:lifecycle-runtime:2.6.1) with ExtractAarTransform
Transforming lifecycle-runtime-2.6.1.aar (androidx.lifecycle:lifecycle-runtime:2.6.1) with LibrarySymbolTableTransform
Transforming lifecycle-viewmodel-savedstate-2.6.1.aar (androidx.lifecycle:lifecycle-viewmodel-savedstate:2.6.1) with ExtractAarTransform
Transforming lifecycle-viewmodel-savedstate-2.6.1.aar (androidx.lifecycle:lifecycle-viewmodel-savedstate:2.6.1) with LibrarySymbolTableTransform
Transforming core-ktx-1.9.0.aar (androidx.core:core-ktx:1.9.0) with ExtractAarTransform
Transforming core-ktx-1.9.0.aar (androidx.core:core-ktx:1.9.0) with LibrarySymbolTableTransform
Transforming viewpager-1.0.0.aar (androidx.viewpager:viewpager:1.0.0) with ExtractAarTransform
Transforming viewpager-1.0.0.aar (androidx.viewpager:viewpager:1.0.0) with LibrarySymbolTableTransform
Transforming recyclerview-1.1.0.aar (androidx.recyclerview:recyclerview:1.1.0) with ExtractAarTransform
Transforming recyclerview-1.1.0.aar (androidx.recyclerview:recyclerview:1.1.0) with LibrarySymbolTableTransform
Transforming recyclerview-1.1.0.aar (androidx.recyclerview:recyclerview:1.1.0) with ExtractAarTransform
Transforming recyclerview-1.1.0.aar (androidx.recyclerview:recyclerview:1.1.0) with LibrarySymbolTableTransform
Transforming customview-1.1.0.aar (androidx.customview:customview:1.1.0) with ExtractAarTransform
Transforming customview-1.1.0.aar (androidx.customview:customview:1.1.0) with LibrarySymbolTableTransform
Transforming core-1.9.0.aar (androidx.core:core:1.9.0) with ExtractAarTransform
Transforming core-1.9.0.aar (androidx.core:core:1.9.0) with LibrarySymbolTableTransform
Transforming core-1.9.0.aar (androidx.core:core:1.9.0) with ExtractAarTransform
Transforming core-1.9.0.aar (androidx.core:core:1.9.0) with LibrarySymbolTableTransform
Transforming cursoradapter-1.0.0.aar (androidx.cursoradapter:cursoradapter:1.0.0) with ExtractAarTransform
Transforming cursoradapter-1.0.0.aar (androidx.cursoradapter:cursoradapter:1.0.0) with LibrarySymbolTableTransform
Transforming cardview-1.0.0.aar (androidx.cardview:cardview:1.0.0) with ExtractAarTransform
Transforming cardview-1.0.0.aar (androidx.cardview:cardview:1.0.0) with LibrarySymbolTableTransform
Transforming versionedparcelable-1.1.1.aar (androidx.versionedparcelable:versionedparcelable:1.1.1) with ExtractAarTransform
Transforming versionedparcelable-1.1.1.aar (androidx.versionedparcelable:versionedparcelable:1.1.1) with LibrarySymbolTableTransform
Transforming profileinstaller-1.3.0.aar (androidx.profileinstaller:profileinstaller:1.3.0) with ExtractAarTransform
Transforming profileinstaller-1.3.0.aar (androidx.profileinstaller:profileinstaller:1.3.0) with LibrarySymbolTableTransform
Transforming startup-runtime-1.1.1.aar (androidx.startup:startup-runtime:1.1.1) with ExtractAarTransform
Transforming startup-runtime-1.1.1.aar (androidx.startup:startup-runtime:1.1.1) with LibrarySymbolTableTransform
Transforming tracing-1.0.0.aar (androidx.tracing:tracing:1.0.0) with ExtractAarTransform
Transforming tracing-1.0.0.aar (androidx.tracing:tracing:1.0.0) with LibrarySymbolTableTransform
Transforming interpolator-1.0.0.aar (androidx.interpolator:interpolator:1.0.0) with ExtractAarTransform
Transforming interpolator-1.0.0.aar (androidx.interpolator:interpolator:1.0.0) with LibrarySymbolTableTransform
Transforming core-runtime-2.2.0.aar (androidx.arch.core:core-runtime:2.2.0) with ExtractAarTransform
Transforming core-runtime-2.2.0.aar (androidx.arch.core:core-runtime:2.2.0) with LibrarySymbolTableTransform
Transforming localbroadcastmanager-1.0.0.aar (androidx.localbroadcastmanager:localbroadcastmanager:1.0.0) with ExtractAarTransform
Transforming localbroadcastmanager-1.0.0.aar (androidx.localbroadcastmanager:localbroadcastmanager:1.0.0) with LibrarySymbolTableTransform
Transforming print-1.0.0.aar (androidx.print:print:1.0.0) with ExtractAarTransform
Transforming print-1.0.0.aar (androidx.print:print:1.0.0) with LibrarySymbolTableTransform
Transforming annotation-experimental-1.3.0.aar (androidx.annotation:annotation-experimental:1.3.0) with ExtractAarTransform
Transforming annotation-experimental-1.3.0.aar (androidx.annotation:annotation-experimental:1.3.0) with LibrarySymbolTableTransform
Caching disabled for task ':app:processDebugResources' because:
  Build cache is disabled
Skipping task ':app:processDebugResources' as it is up-to-date.
Resolve mutations for :app:compileDebugJavaWithJavac (Thread[included builds,5,main]) started.
:app:compileDebugJavaWithJavac (Thread[included builds,5,main]) started.

> Task :app:compileDebugJavaWithJavac UP-TO-DATE
Transforming material-1.11.0.aar (com.google.android.material:material:1.11.0) with AarToClassTransform
Transforming appcompat-1.6.1.aar (androidx.appcompat:appcompat:1.6.1) with AarToClassTransform
Transforming viewpager2-1.0.0.aar (androidx.viewpager2:viewpager2:1.0.0) with AarToClassTransform
Transforming fragment-1.3.6.aar (androidx.fragment:fragment:1.3.6) with AarToClassTransform
Transforming fragment-1.3.6.aar (androidx.fragment:fragment:1.3.6) with AarToClassTransform
Transforming activity-1.8.0.aar (androidx.activity:activity:1.8.0) with AarToClassTransform
Transforming dynamicanimation-1.0.0.aar (androidx.dynamicanimation:dynamicanimation:1.0.0) with AarToClassTransform
Transforming legacy-support-core-utils-1.0.0.aar (androidx.legacy:legacy-support-core-utils:1.0.0) with AarToClassTransform
Transforming documentfile-1.0.1.aar (androidx.documentfile:documentfile:1.0.1) with AarToClassTransform
Transforming documentfile-1.0.1.aar (androidx.documentfile:documentfile:1.0.1) with AarToClassTransform
Transforming appcompat-resources-1.6.1.aar (androidx.appcompat:appcompat-resources:1.6.1) with AarToClassTransform
Transforming drawerlayout-1.1.1.aar (androidx.drawerlayout:drawerlayout:1.1.1) with AarToClassTransform
Transforming coordinatorlayout-1.1.0.aar (androidx.coordinatorlayout:coordinatorlayout:1.1.0) with AarToClassTransform
Transforming recyclerview-1.1.0.aar (androidx.recyclerview:recyclerview:1.1.0) with AarToClassTransform
Transforming recyclerview-1.1.0.aar (androidx.recyclerview:recyclerview:1.1.0) with AarToClassTransform
Transforming transition-1.2.0.aar (androidx.transition:transition:1.2.0) with AarToClassTransform
Transforming vectordrawable-animated-1.1.0.aar (androidx.vectordrawable:vectordrawable-animated:1.1.0) with AarToClassTransform
Transforming vectordrawable-1.1.0.aar (androidx.vectordrawable:vectordrawable:1.1.0) with AarToClassTransform
Transforming vectordrawable-1.1.0.aar (androidx.vectordrawable:vectordrawable:1.1.0) with AarToClassTransform
Transforming viewpager-1.0.0.aar (androidx.viewpager:viewpager:1.0.0) with AarToClassTransform
Transforming customview-1.1.0.aar (androidx.customview:customview:1.1.0) with AarToClassTransform
Transforming loader-1.0.0.aar (androidx.loader:loader:1.0.0) with AarToClassTransform
Transforming loader-1.0.0.aar (androidx.loader:loader:1.0.0) with AarToClassTransform
Transforming lifecycle-livedata-2.6.1.aar (androidx.lifecycle:lifecycle-livedata:2.6.1) with AarToClassTransform
Transforming lifecycle-livedata-core-2.6.1.aar (androidx.lifecycle:lifecycle-livedata-core:2.6.1) with AarToClassTransform
Transforming lifecycle-viewmodel-2.6.1.aar (androidx.lifecycle:lifecycle-viewmodel:2.6.1) with AarToClassTransform
Transforming lifecycle-viewmodel-2.6.1.aar (androidx.lifecycle:lifecycle-viewmodel:2.6.1) with AarToClassTransform
Transforming lifecycle-runtime-2.6.1.aar (androidx.lifecycle:lifecycle-runtime:2.6.1) with AarToClassTransform
Transforming lifecycle-viewmodel-savedstate-2.6.1.aar (androidx.lifecycle:lifecycle-viewmodel-savedstate:2.6.1) with AarToClassTransform
Transforming core-ktx-1.9.0.aar (androidx.core:core-ktx:1.9.0) with AarToClassTransform
Transforming core-1.9.0.aar (androidx.core:core:1.9.0) with AarToClassTransform
Transforming core-1.9.0.aar (androidx.core:core:1.9.0) with AarToClassTransform
Transforming cursoradapter-1.0.0.aar (androidx.cursoradapter:cursoradapter:1.0.0) with AarToClassTransform
Transforming lifecycle-common-2.6.1.jar (androidx.lifecycle:lifecycle-common:2.6.1) with IdentityTransform
Transforming savedstate-1.2.1.aar (androidx.savedstate:savedstate:1.2.1) with AarToClassTransform
Transforming cardview-1.0.0.aar (androidx.cardview:cardview:1.0.0) with AarToClassTransform
Transforming versionedparcelable-1.1.1.aar (androidx.versionedparcelable:versionedparcelable:1.1.1) with AarToClassTransform
Transforming core-runtime-2.2.0.aar (androidx.arch.core:core-runtime:2.2.0) with AarToClassTransform
Transforming interpolator-1.0.0.aar (androidx.interpolator:interpolator:1.0.0) with AarToClassTransform
Transforming localbroadcastmanager-1.0.0.aar (androidx.localbroadcastmanager:localbroadcastmanager:1.0.0) with AarToClassTransform
Transforming print-1.0.0.aar (androidx.print:print:1.0.0) with AarToClassTransform
Transforming annotation-experimental-1.3.0.aar (androidx.annotation:annotation-experimental:1.3.0) with AarToClassTransform
Transforming collection-1.1.0.jar (androidx.collection:collection:1.1.0) with IdentityTransform
Transforming annotations-13.0.jar (org.jetbrains:annotations:13.0) with IdentityTransform
Transforming constraintlayout-2.1.4.aar (androidx.constraintlayout:constraintlayout:2.1.4) with AarToClassTransform
Transforming usb-serial-for-android-3.7.0.aar (com.github.mik3y:usb-serial-for-android:3.7.0) with AarToClassTransform
Transforming core-common-2.2.0.jar (androidx.arch.core:core-common:2.2.0) with IdentityTransform
Transforming kotlinx-coroutines-core-jvm-1.6.4.jar (org.jetbrains.kotlinx:kotlinx-coroutines-core-jvm:1.6.4) with IdentityTransform
Transforming annotation-1.5.0.jar (androidx.annotation:annotation:1.5.0) with IdentityTransform
Transforming okhttp-3.14.9.jar (com.squareup.okhttp3:okhttp:3.14.9) with IdentityTransform
Transforming kotlinx-coroutines-android-1.6.4.jar (org.jetbrains.kotlinx:kotlinx-coroutines-android:1.6.4) with IdentityTransform
Transforming okio-1.17.2.jar (com.squareup.okio:okio:1.17.2) with IdentityTransform
Transforming kotlin-stdlib-common-1.8.22.jar (org.jetbrains.kotlin:kotlin-stdlib-common:1.8.22) with IdentityTransform
Transforming gson-2.10.1.jar (com.google.code.gson:gson:2.10.1) with IdentityTransform
Transforming kotlin-stdlib-jdk8-1.8.22.jar (org.jetbrains.kotlin:kotlin-stdlib-jdk8:1.8.22) with IdentityTransform
Transforming kotlin-stdlib-jdk7-1.8.22.jar (org.jetbrains.kotlin:kotlin-stdlib-jdk7:1.8.22) with IdentityTransform
Transforming kotlin-stdlib-1.8.22.jar (org.jetbrains.kotlin:kotlin-stdlib:1.8.22) with IdentityTransform
Transforming resourceinspection-annotation-1.0.1.jar (androidx.resourceinspection:resourceinspection-annotation:1.0.1) with IdentityTransform
Caching disabled for task ':app:compileDebugJavaWithJavac' because:
  Build cache is disabled
Skipping task ':app:compileDebugJavaWithJavac' as it is up-to-date.
Resolve mutations for :app:mergeDebugShaders (Thread[included builds,5,main]) started.
:app:mergeDebugShaders (Thread[included builds,5,main]) started.

> Task :app:mergeDebugShaders UP-TO-DATE
Caching disabled for task ':app:mergeDebugShaders' because:
  Build cache is disabled
Skipping task ':app:mergeDebugShaders' as it is up-to-date.
Resolve mutations for :app:compileDebugShaders (Thread[included builds,5,main]) started.
:app:compileDebugShaders (Thread[included builds,5,main]) started.

> Task :app:compileDebugShaders NO-SOURCE
Skipping task ':app:compileDebugShaders' as it has no source files and no previous output files.
Resolve mutations for :app:generateDebugAssets (Thread[included builds,5,main]) started.
:app:generateDebugAssets (Thread[Execution worker Thread 4,5,main]) started.

> Task :app:generateDebugAssets UP-TO-DATE
Skipping task ':app:generateDebugAssets' as it has no actions.
Resolve mutations for :app:mergeDebugAssets (Thread[Execution worker Thread 4,5,main]) started.
:app:mergeDebugAssets (Thread[Execution worker Thread 8,5,main]) started.

> Task :app:mergeDebugAssets UP-TO-DATE
Transforming material-1.11.0.aar (com.google.android.material:material:1.11.0) with ExtractAarTransform
Transforming material-1.11.0.aar (com.google.android.material:material:1.11.0) with AarTransform
Transforming constraintlayout-2.1.4.aar (androidx.constraintlayout:constraintlayout:2.1.4) with ExtractAarTransform
Transforming constraintlayout-2.1.4.aar (androidx.constraintlayout:constraintlayout:2.1.4) with AarTransform
Transforming appcompat-resources-1.6.1.aar (androidx.appcompat:appcompat-resources:1.6.1) with ExtractAarTransform
Transforming appcompat-resources-1.6.1.aar (androidx.appcompat:appcompat-resources:1.6.1) with AarTransform
Transforming appcompat-1.6.1.aar (androidx.appcompat:appcompat:1.6.1) with ExtractAarTransform
Transforming appcompat-1.6.1.aar (androidx.appcompat:appcompat:1.6.1) with AarTransform
Transforming usb-serial-for-android-3.7.0.aar (com.github.mik3y:usb-serial-for-android:3.7.0) with ExtractAarTransform
Transforming usb-serial-for-android-3.7.0.aar (com.github.mik3y:usb-serial-for-android:3.7.0) with AarTransform
Transforming dynamicanimation-1.0.0.aar (androidx.dynamicanimation:dynamicanimation:1.0.0) with ExtractAarTransform
Transforming dynamicanimation-1.0.0.aar (androidx.dynamicanimation:dynamicanimation:1.0.0) with AarTransform
Transforming legacy-support-core-utils-1.0.0.aar (androidx.legacy:legacy-support-core-utils:1.0.0) with ExtractAarTransform
Transforming legacy-support-core-utils-1.0.0.aar (androidx.legacy:legacy-support-core-utils:1.0.0) with AarTransform
Transforming documentfile-1.0.1.aar (androidx.documentfile:documentfile:1.0.1) with ExtractAarTransform
Transforming documentfile-1.0.1.aar (androidx.documentfile:documentfile:1.0.1) with AarTransform
Transforming documentfile-1.0.1.aar (androidx.documentfile:documentfile:1.0.1) with ExtractAarTransform
Transforming documentfile-1.0.1.aar (androidx.documentfile:documentfile:1.0.1) with AarTransform
Transforming viewpager2-1.0.0.aar (androidx.viewpager2:viewpager2:1.0.0) with ExtractAarTransform
Transforming viewpager2-1.0.0.aar (androidx.viewpager2:viewpager2:1.0.0) with AarTransform
Transforming fragment-1.3.6.aar (androidx.fragment:fragment:1.3.6) with ExtractAarTransform
Transforming fragment-1.3.6.aar (androidx.fragment:fragment:1.3.6) with AarTransform
Transforming fragment-1.3.6.aar (androidx.fragment:fragment:1.3.6) with ExtractAarTransform
Transforming fragment-1.3.6.aar (androidx.fragment:fragment:1.3.6) with AarTransform
Transforming activity-1.8.0.aar (androidx.activity:activity:1.8.0) with ExtractAarTransform
Transforming activity-1.8.0.aar (androidx.activity:activity:1.8.0) with AarTransform
Transforming emoji2-views-helper-1.2.0.aar (androidx.emoji2:emoji2-views-helper:1.2.0) with ExtractAarTransform
Transforming emoji2-views-helper-1.2.0.aar (androidx.emoji2:emoji2-views-helper:1.2.0) with AarTransform
Transforming emoji2-1.2.0.aar (androidx.emoji2:emoji2:1.2.0) with ExtractAarTransform
Transforming emoji2-1.2.0.aar (androidx.emoji2:emoji2:1.2.0) with AarTransform
Transforming drawerlayout-1.1.1.aar (androidx.drawerlayout:drawerlayout:1.1.1) with ExtractAarTransform
Transforming drawerlayout-1.1.1.aar (androidx.drawerlayout:drawerlayout:1.1.1) with AarTransform
Transforming coordinatorlayout-1.1.0.aar (androidx.coordinatorlayout:coordinatorlayout:1.1.0) with ExtractAarTransform
Transforming coordinatorlayout-1.1.0.aar (androidx.coordinatorlayout:coordinatorlayout:1.1.0) with AarTransform
Transforming transition-1.2.0.aar (androidx.transition:transition:1.2.0) with ExtractAarTransform
Transforming transition-1.2.0.aar (androidx.transition:transition:1.2.0) with AarTransform
Transforming vectordrawable-animated-1.1.0.aar (androidx.vectordrawable:vectordrawable-animated:1.1.0) with ExtractAarTransform
Transforming vectordrawable-animated-1.1.0.aar (androidx.vectordrawable:vectordrawable-animated:1.1.0) with AarTransform
Transforming vectordrawable-1.1.0.aar (androidx.vectordrawable:vectordrawable:1.1.0) with ExtractAarTransform
Transforming vectordrawable-1.1.0.aar (androidx.vectordrawable:vectordrawable:1.1.0) with AarTransform
Transforming vectordrawable-1.1.0.aar (androidx.vectordrawable:vectordrawable:1.1.0) with ExtractAarTransform
Transforming vectordrawable-1.1.0.aar (androidx.vectordrawable:vectordrawable:1.1.0) with AarTransform
Transforming loader-1.0.0.aar (androidx.loader:loader:1.0.0) with ExtractAarTransform
Transforming loader-1.0.0.aar (androidx.loader:loader:1.0.0) with AarTransform
Transforming loader-1.0.0.aar (androidx.loader:loader:1.0.0) with ExtractAarTransform
Transforming loader-1.0.0.aar (androidx.loader:loader:1.0.0) with AarTransform
Transforming savedstate-1.2.1.aar (androidx.savedstate:savedstate:1.2.1) with ExtractAarTransform
Transforming savedstate-1.2.1.aar (androidx.savedstate:savedstate:1.2.1) with AarTransform
Transforming lifecycle-process-2.6.1.aar (androidx.lifecycle:lifecycle-process:2.6.1) with ExtractAarTransform
Transforming lifecycle-process-2.6.1.aar (androidx.lifecycle:lifecycle-process:2.6.1) with AarTransform
Transforming lifecycle-livedata-core-2.6.1.aar (androidx.lifecycle:lifecycle-livedata-core:2.6.1) with ExtractAarTransform
Transforming lifecycle-livedata-core-2.6.1.aar (androidx.lifecycle:lifecycle-livedata-core:2.6.1) with AarTransform
Transforming lifecycle-livedata-2.6.1.aar (androidx.lifecycle:lifecycle-livedata:2.6.1) with ExtractAarTransform
Transforming lifecycle-livedata-2.6.1.aar (androidx.lifecycle:lifecycle-livedata:2.6.1) with AarTransform
Transforming lifecycle-viewmodel-2.6.1.aar (androidx.lifecycle:lifecycle-viewmodel:2.6.1) with ExtractAarTransform
Transforming lifecycle-viewmodel-2.6.1.aar (androidx.lifecycle:lifecycle-viewmodel:2.6.1) with AarTransform
Transforming lifecycle-viewmodel-2.6.1.aar (androidx.lifecycle:lifecycle-viewmodel:2.6.1) with ExtractAarTransform
Transforming lifecycle-viewmodel-2.6.1.aar (androidx.lifecycle:lifecycle-viewmodel:2.6.1) with AarTransform
Transforming lifecycle-runtime-2.6.1.aar (androidx.lifecycle:lifecycle-runtime:2.6.1) with ExtractAarTransform
Transforming lifecycle-runtime-2.6.1.aar (androidx.lifecycle:lifecycle-runtime:2.6.1) with AarTransform
Transforming lifecycle-viewmodel-savedstate-2.6.1.aar (androidx.lifecycle:lifecycle-viewmodel-savedstate:2.6.1) with ExtractAarTransform
Transforming lifecycle-viewmodel-savedstate-2.6.1.aar (androidx.lifecycle:lifecycle-viewmodel-savedstate:2.6.1) with AarTransform
Transforming core-ktx-1.9.0.aar (androidx.core:core-ktx:1.9.0) with ExtractAarTransform
Transforming core-ktx-1.9.0.aar (androidx.core:core-ktx:1.9.0) with AarTransform
Transforming viewpager-1.0.0.aar (androidx.viewpager:viewpager:1.0.0) with ExtractAarTransform
Transforming viewpager-1.0.0.aar (androidx.viewpager:viewpager:1.0.0) with AarTransform
Transforming recyclerview-1.1.0.aar (androidx.recyclerview:recyclerview:1.1.0) with ExtractAarTransform
Transforming recyclerview-1.1.0.aar (androidx.recyclerview:recyclerview:1.1.0) with AarTransform
Transforming recyclerview-1.1.0.aar (androidx.recyclerview:recyclerview:1.1.0) with ExtractAarTransform
Transforming recyclerview-1.1.0.aar (androidx.recyclerview:recyclerview:1.1.0) with AarTransform
Transforming customview-1.1.0.aar (androidx.customview:customview:1.1.0) with ExtractAarTransform
Transforming customview-1.1.0.aar (androidx.customview:customview:1.1.0) with AarTransform
Transforming core-1.9.0.aar (androidx.core:core:1.9.0) with ExtractAarTransform
Transforming core-1.9.0.aar (androidx.core:core:1.9.0) with AarTransform
Transforming core-1.9.0.aar (androidx.core:core:1.9.0) with ExtractAarTransform
Transforming core-1.9.0.aar (androidx.core:core:1.9.0) with AarTransform
Transforming cursoradapter-1.0.0.aar (androidx.cursoradapter:cursoradapter:1.0.0) with ExtractAarTransform
Transforming cursoradapter-1.0.0.aar (androidx.cursoradapter:cursoradapter:1.0.0) with AarTransform
Transforming cardview-1.0.0.aar (androidx.cardview:cardview:1.0.0) with ExtractAarTransform
Transforming cardview-1.0.0.aar (androidx.cardview:cardview:1.0.0) with AarTransform
Transforming versionedparcelable-1.1.1.aar (androidx.versionedparcelable:versionedparcelable:1.1.1) with ExtractAarTransform
Transforming versionedparcelable-1.1.1.aar (androidx.versionedparcelable:versionedparcelable:1.1.1) with AarTransform
Transforming profileinstaller-1.3.0.aar (androidx.profileinstaller:profileinstaller:1.3.0) with ExtractAarTransform
Transforming profileinstaller-1.3.0.aar (androidx.profileinstaller:profileinstaller:1.3.0) with AarTransform
Transforming startup-runtime-1.1.1.aar (androidx.startup:startup-runtime:1.1.1) with ExtractAarTransform
Transforming startup-runtime-1.1.1.aar (androidx.startup:startup-runtime:1.1.1) with AarTransform
Transforming tracing-1.0.0.aar (androidx.tracing:tracing:1.0.0) with ExtractAarTransform
Transforming tracing-1.0.0.aar (androidx.tracing:tracing:1.0.0) with AarTransform
Transforming interpolator-1.0.0.aar (androidx.interpolator:interpolator:1.0.0) with ExtractAarTransform
Transforming interpolator-1.0.0.aar (androidx.interpolator:interpolator:1.0.0) with AarTransform
Transforming core-runtime-2.2.0.aar (androidx.arch.core:core-runtime:2.2.0) with ExtractAarTransform
Transforming core-runtime-2.2.0.aar (androidx.arch.core:core-runtime:2.2.0) with AarTransform
Transforming localbroadcastmanager-1.0.0.aar (androidx.localbroadcastmanager:localbroadcastmanager:1.0.0) with ExtractAarTransform
Transforming localbroadcastmanager-1.0.0.aar (androidx.localbroadcastmanager:localbroadcastmanager:1.0.0) with AarTransform
Transforming print-1.0.0.aar (androidx.print:print:1.0.0) with ExtractAarTransform
Transforming print-1.0.0.aar (androidx.print:print:1.0.0) with AarTransform
Transforming annotation-experimental-1.3.0.aar (androidx.annotation:annotation-experimental:1.3.0) with ExtractAarTransform
Transforming annotation-experimental-1.3.0.aar (androidx.annotation:annotation-experimental:1.3.0) with AarTransform
Caching disabled for task ':app:mergeDebugAssets' because:
  Build cache is disabled
Skipping task ':app:mergeDebugAssets' as it is up-to-date.
Resolve mutations for :app:compressDebugAssets (Thread[Execution worker Thread 8,5,main]) started.
:app:compressDebugAssets (Thread[Execution worker Thread 8,5,main]) started.

> Task :app:compressDebugAssets UP-TO-DATE
Caching disabled for task ':app:compressDebugAssets' because:
  Build cache is disabled
Skipping task ':app:compressDebugAssets' as it is up-to-date.
Resolve mutations for :app:processDebugJavaRes (Thread[Execution worker Thread 8,5,main]) started.
:app:processDebugJavaRes (Thread[Execution worker Thread 8,5,main]) started.

> Task :app:processDebugJavaRes NO-SOURCE
file or directory '/Users/mac/workspace/android/G30Scanner/app/src/main/resources', not found
file or directory '/Users/mac/workspace/android/G30Scanner/app/src/debug/resources', not found
Skipping task ':app:processDebugJavaRes' as it has no source files and no previous output files.
Resolve mutations for :app:mergeDebugJavaResource (Thread[Execution worker Thread 8,5,main]) started.
:app:mergeDebugJavaResource (Thread[Execution worker Thread 8,5,main]) started.

> Task :app:mergeDebugJavaResource UP-TO-DATE
Transforming material-1.11.0.aar (com.google.android.material:material:1.11.0) with ExtractAarTransform
Transforming material-1.11.0.aar (com.google.android.material:material:1.11.0) with AarTransform
Transforming constraintlayout-2.1.4.aar (androidx.constraintlayout:constraintlayout:2.1.4) with ExtractAarTransform
Transforming constraintlayout-2.1.4.aar (androidx.constraintlayout:constraintlayout:2.1.4) with AarTransform
Transforming appcompat-resources-1.6.1.aar (androidx.appcompat:appcompat-resources:1.6.1) with ExtractAarTransform
Transforming appcompat-resources-1.6.1.aar (androidx.appcompat:appcompat-resources:1.6.1) with AarTransform
Transforming appcompat-1.6.1.aar (androidx.appcompat:appcompat:1.6.1) with ExtractAarTransform
Transforming appcompat-1.6.1.aar (androidx.appcompat:appcompat:1.6.1) with AarTransform
Transforming usb-serial-for-android-3.7.0.aar (com.github.mik3y:usb-serial-for-android:3.7.0) with ExtractAarTransform
Transforming usb-serial-for-android-3.7.0.aar (com.github.mik3y:usb-serial-for-android:3.7.0) with AarTransform
Transforming gson-2.10.1.jar (com.google.code.gson:gson:2.10.1) with IdentityTransform
Transforming okhttp-3.14.9.jar (com.squareup.okhttp3:okhttp:3.14.9) with IdentityTransform
Transforming dynamicanimation-1.0.0.aar (androidx.dynamicanimation:dynamicanimation:1.0.0) with ExtractAarTransform
Transforming dynamicanimation-1.0.0.aar (androidx.dynamicanimation:dynamicanimation:1.0.0) with AarTransform
Transforming legacy-support-core-utils-1.0.0.aar (androidx.legacy:legacy-support-core-utils:1.0.0) with ExtractAarTransform
Transforming legacy-support-core-utils-1.0.0.aar (androidx.legacy:legacy-support-core-utils:1.0.0) with AarTransform
Transforming documentfile-1.0.1.aar (androidx.documentfile:documentfile:1.0.1) with ExtractAarTransform
Transforming documentfile-1.0.1.aar (androidx.documentfile:documentfile:1.0.1) with AarTransform
Transforming documentfile-1.0.1.aar (androidx.documentfile:documentfile:1.0.1) with ExtractAarTransform
Transforming documentfile-1.0.1.aar (androidx.documentfile:documentfile:1.0.1) with AarTransform
Transforming viewpager2-1.0.0.aar (androidx.viewpager2:viewpager2:1.0.0) with ExtractAarTransform
Transforming viewpager2-1.0.0.aar (androidx.viewpager2:viewpager2:1.0.0) with AarTransform
Transforming fragment-1.3.6.aar (androidx.fragment:fragment:1.3.6) with ExtractAarTransform
Transforming fragment-1.3.6.aar (androidx.fragment:fragment:1.3.6) with AarTransform
Transforming fragment-1.3.6.aar (androidx.fragment:fragment:1.3.6) with ExtractAarTransform
Transforming fragment-1.3.6.aar (androidx.fragment:fragment:1.3.6) with AarTransform
Transforming activity-1.8.0.aar (androidx.activity:activity:1.8.0) with ExtractAarTransform
Transforming activity-1.8.0.aar (androidx.activity:activity:1.8.0) with AarTransform
Transforming emoji2-views-helper-1.2.0.aar (androidx.emoji2:emoji2-views-helper:1.2.0) with ExtractAarTransform
Transforming emoji2-views-helper-1.2.0.aar (androidx.emoji2:emoji2-views-helper:1.2.0) with AarTransform
Transforming emoji2-1.2.0.aar (androidx.emoji2:emoji2:1.2.0) with ExtractAarTransform
Transforming emoji2-1.2.0.aar (androidx.emoji2:emoji2:1.2.0) with AarTransform
Transforming drawerlayout-1.1.1.aar (androidx.drawerlayout:drawerlayout:1.1.1) with ExtractAarTransform
Transforming drawerlayout-1.1.1.aar (androidx.drawerlayout:drawerlayout:1.1.1) with AarTransform
Transforming coordinatorlayout-1.1.0.aar (androidx.coordinatorlayout:coordinatorlayout:1.1.0) with ExtractAarTransform
Transforming coordinatorlayout-1.1.0.aar (androidx.coordinatorlayout:coordinatorlayout:1.1.0) with AarTransform
Transforming transition-1.2.0.aar (androidx.transition:transition:1.2.0) with ExtractAarTransform
Transforming transition-1.2.0.aar (androidx.transition:transition:1.2.0) with AarTransform
Transforming vectordrawable-animated-1.1.0.aar (androidx.vectordrawable:vectordrawable-animated:1.1.0) with ExtractAarTransform
Transforming vectordrawable-animated-1.1.0.aar (androidx.vectordrawable:vectordrawable-animated:1.1.0) with AarTransform
Transforming vectordrawable-1.1.0.aar (androidx.vectordrawable:vectordrawable:1.1.0) with ExtractAarTransform
Transforming vectordrawable-1.1.0.aar (androidx.vectordrawable:vectordrawable:1.1.0) with AarTransform
Transforming vectordrawable-1.1.0.aar (androidx.vectordrawable:vectordrawable:1.1.0) with ExtractAarTransform
Transforming vectordrawable-1.1.0.aar (androidx.vectordrawable:vectordrawable:1.1.0) with AarTransform
Transforming loader-1.0.0.aar (androidx.loader:loader:1.0.0) with ExtractAarTransform
Transforming loader-1.0.0.aar (androidx.loader:loader:1.0.0) with AarTransform
Transforming loader-1.0.0.aar (androidx.loader:loader:1.0.0) with ExtractAarTransform
Transforming loader-1.0.0.aar (androidx.loader:loader:1.0.0) with AarTransform
Transforming savedstate-1.2.1.aar (androidx.savedstate:savedstate:1.2.1) with ExtractAarTransform
Transforming savedstate-1.2.1.aar (androidx.savedstate:savedstate:1.2.1) with AarTransform
Transforming lifecycle-process-2.6.1.aar (androidx.lifecycle:lifecycle-process:2.6.1) with ExtractAarTransform
Transforming lifecycle-process-2.6.1.aar (androidx.lifecycle:lifecycle-process:2.6.1) with AarTransform
Transforming lifecycle-livedata-core-2.6.1.aar (androidx.lifecycle:lifecycle-livedata-core:2.6.1) with ExtractAarTransform
Transforming lifecycle-livedata-core-2.6.1.aar (androidx.lifecycle:lifecycle-livedata-core:2.6.1) with AarTransform
Transforming lifecycle-livedata-2.6.1.aar (androidx.lifecycle:lifecycle-livedata:2.6.1) with ExtractAarTransform
Transforming lifecycle-livedata-2.6.1.aar (androidx.lifecycle:lifecycle-livedata:2.6.1) with AarTransform
Transforming lifecycle-common-2.6.1.jar (androidx.lifecycle:lifecycle-common:2.6.1) with IdentityTransform
Transforming lifecycle-viewmodel-2.6.1.aar (androidx.lifecycle:lifecycle-viewmodel:2.6.1) with ExtractAarTransform
Transforming lifecycle-viewmodel-2.6.1.aar (androidx.lifecycle:lifecycle-viewmodel:2.6.1) with AarTransform
Transforming lifecycle-viewmodel-2.6.1.aar (androidx.lifecycle:lifecycle-viewmodel:2.6.1) with ExtractAarTransform
Transforming lifecycle-viewmodel-2.6.1.aar (androidx.lifecycle:lifecycle-viewmodel:2.6.1) with AarTransform
Transforming lifecycle-runtime-2.6.1.aar (androidx.lifecycle:lifecycle-runtime:2.6.1) with ExtractAarTransform
Transforming lifecycle-runtime-2.6.1.aar (androidx.lifecycle:lifecycle-runtime:2.6.1) with AarTransform
Transforming lifecycle-viewmodel-savedstate-2.6.1.aar (androidx.lifecycle:lifecycle-viewmodel-savedstate:2.6.1) with ExtractAarTransform
Transforming lifecycle-viewmodel-savedstate-2.6.1.aar (androidx.lifecycle:lifecycle-viewmodel-savedstate:2.6.1) with AarTransform
Transforming core-ktx-1.9.0.aar (androidx.core:core-ktx:1.9.0) with ExtractAarTransform
Transforming core-ktx-1.9.0.aar (androidx.core:core-ktx:1.9.0) with AarTransform
Transforming viewpager-1.0.0.aar (androidx.viewpager:viewpager:1.0.0) with ExtractAarTransform
Transforming viewpager-1.0.0.aar (androidx.viewpager:viewpager:1.0.0) with AarTransform
Transforming recyclerview-1.1.0.aar (androidx.recyclerview:recyclerview:1.1.0) with ExtractAarTransform
Transforming recyclerview-1.1.0.aar (androidx.recyclerview:recyclerview:1.1.0) with AarTransform
Transforming recyclerview-1.1.0.aar (androidx.recyclerview:recyclerview:1.1.0) with ExtractAarTransform
Transforming recyclerview-1.1.0.aar (androidx.recyclerview:recyclerview:1.1.0) with AarTransform
Transforming customview-1.1.0.aar (androidx.customview:customview:1.1.0) with ExtractAarTransform
Transforming customview-1.1.0.aar (androidx.customview:customview:1.1.0) with AarTransform
Transforming core-1.9.0.aar (androidx.core:core:1.9.0) with ExtractAarTransform
Transforming core-1.9.0.aar (androidx.core:core:1.9.0) with AarTransform
Transforming core-1.9.0.aar (androidx.core:core:1.9.0) with ExtractAarTransform
Transforming core-1.9.0.aar (androidx.core:core:1.9.0) with AarTransform
Transforming cursoradapter-1.0.0.aar (androidx.cursoradapter:cursoradapter:1.0.0) with ExtractAarTransform
Transforming cursoradapter-1.0.0.aar (androidx.cursoradapter:cursoradapter:1.0.0) with AarTransform
Transforming resourceinspection-annotation-1.0.1.jar (androidx.resourceinspection:resourceinspection-annotation:1.0.1) with IdentityTransform
Transforming cardview-1.0.0.aar (androidx.cardview:cardview:1.0.0) with ExtractAarTransform
Transforming cardview-1.0.0.aar (androidx.cardview:cardview:1.0.0) with AarTransform
Transforming versionedparcelable-1.1.1.aar (androidx.versionedparcelable:versionedparcelable:1.1.1) with ExtractAarTransform
Transforming versionedparcelable-1.1.1.aar (androidx.versionedparcelable:versionedparcelable:1.1.1) with AarTransform
Transforming collection-1.1.0.jar (androidx.collection:collection:1.1.0) with IdentityTransform
Transforming profileinstaller-1.3.0.aar (androidx.profileinstaller:profileinstaller:1.3.0) with ExtractAarTransform
Transforming profileinstaller-1.3.0.aar (androidx.profileinstaller:profileinstaller:1.3.0) with AarTransform
Transforming startup-runtime-1.1.1.aar (androidx.startup:startup-runtime:1.1.1) with ExtractAarTransform
Transforming startup-runtime-1.1.1.aar (androidx.startup:startup-runtime:1.1.1) with AarTransform
Transforming tracing-1.0.0.aar (androidx.tracing:tracing:1.0.0) with ExtractAarTransform
Transforming tracing-1.0.0.aar (androidx.tracing:tracing:1.0.0) with AarTransform
Transforming interpolator-1.0.0.aar (androidx.interpolator:interpolator:1.0.0) with ExtractAarTransform
Transforming interpolator-1.0.0.aar (androidx.interpolator:interpolator:1.0.0) with AarTransform
Transforming core-runtime-2.2.0.aar (androidx.arch.core:core-runtime:2.2.0) with ExtractAarTransform
Transforming core-runtime-2.2.0.aar (androidx.arch.core:core-runtime:2.2.0) with AarTransform
Transforming core-common-2.2.0.jar (androidx.arch.core:core-common:2.2.0) with IdentityTransform
Transforming localbroadcastmanager-1.0.0.aar (androidx.localbroadcastmanager:localbroadcastmanager:1.0.0) with ExtractAarTransform
Transforming localbroadcastmanager-1.0.0.aar (androidx.localbroadcastmanager:localbroadcastmanager:1.0.0) with AarTransform
Transforming print-1.0.0.aar (androidx.print:print:1.0.0) with ExtractAarTransform
Transforming print-1.0.0.aar (androidx.print:print:1.0.0) with AarTransform
Transforming annotation-1.5.0.jar (androidx.annotation:annotation:1.5.0) with IdentityTransform
Transforming annotation-experimental-1.3.0.aar (androidx.annotation:annotation-experimental:1.3.0) with ExtractAarTransform
Transforming annotation-experimental-1.3.0.aar (androidx.annotation:annotation-experimental:1.3.0) with AarTransform
Transforming kotlinx-coroutines-core-jvm-1.6.4.jar (org.jetbrains.kotlinx:kotlinx-coroutines-core-jvm:1.6.4) with IdentityTransform
Transforming kotlinx-coroutines-android-1.6.4.jar (org.jetbrains.kotlinx:kotlinx-coroutines-android:1.6.4) with IdentityTransform
Transforming kotlin-stdlib-jdk8-1.8.22.jar (org.jetbrains.kotlin:kotlin-stdlib-jdk8:1.8.22) with IdentityTransform
Transforming kotlin-stdlib-jdk7-1.8.22.jar (org.jetbrains.kotlin:kotlin-stdlib-jdk7:1.8.22) with IdentityTransform
Transforming kotlin-stdlib-1.8.22.jar (org.jetbrains.kotlin:kotlin-stdlib:1.8.22) with IdentityTransform
Transforming concurrent-futures-1.1.0.jar (androidx.concurrent:concurrent-futures:1.1.0) with IdentityTransform
Transforming okio-1.17.2.jar (com.squareup.okio:okio:1.17.2) with IdentityTransform
Transforming kotlin-stdlib-common-1.8.22.jar (org.jetbrains.kotlin:kotlin-stdlib-common:1.8.22) with IdentityTransform
Transforming annotations-13.0.jar (org.jetbrains:annotations:13.0) with IdentityTransform
Transforming constraintlayout-core-1.0.4.jar (androidx.constraintlayout:constraintlayout-core:1.0.4) with IdentityTransform
Transforming error_prone_annotations-2.15.0.jar (com.google.errorprone:error_prone_annotations:2.15.0) with IdentityTransform
Transforming listenablefuture-1.0.jar (com.google.guava:listenablefuture:1.0) with IdentityTransform
Caching disabled for task ':app:mergeDebugJavaResource' because:
  Build cache is disabled
Skipping task ':app:mergeDebugJavaResource' as it is up-to-date.
Resolve mutations for :app:checkDebugDuplicateClasses (Thread[Execution worker Thread 8,5,main]) started.
:app:checkDebugDuplicateClasses (Thread[Execution worker Thread 8,5,main]) started.

> Task :app:checkDebugDuplicateClasses UP-TO-DATE
Transforming material-1.11.0.aar (com.google.android.material:material:1.11.0) with AarToClassTransform
Transforming material-1.11.0.aar (com.google.android.material:material:1.11.0) with EnumerateClassesTransform
Transforming constraintlayout-2.1.4.aar (androidx.constraintlayout:constraintlayout:2.1.4) with AarToClassTransform
Transforming constraintlayout-2.1.4.aar (androidx.constraintlayout:constraintlayout:2.1.4) with EnumerateClassesTransform
Transforming appcompat-resources-1.6.1.aar (androidx.appcompat:appcompat-resources:1.6.1) with AarToClassTransform
Transforming appcompat-resources-1.6.1.aar (androidx.appcompat:appcompat-resources:1.6.1) with EnumerateClassesTransform
Transforming appcompat-1.6.1.aar (androidx.appcompat:appcompat:1.6.1) with AarToClassTransform
Transforming appcompat-1.6.1.aar (androidx.appcompat:appcompat:1.6.1) with EnumerateClassesTransform
Transforming usb-serial-for-android-3.7.0.aar (com.github.mik3y:usb-serial-for-android:3.7.0) with AarToClassTransform
Transforming usb-serial-for-android-3.7.0.aar (com.github.mik3y:usb-serial-for-android:3.7.0) with EnumerateClassesTransform
Transforming gson-2.10.1.jar (com.google.code.gson:gson:2.10.1) with IdentityTransform
Transforming gson-2.10.1.jar (com.google.code.gson:gson:2.10.1) with EnumerateClassesTransform
Transforming okhttp-3.14.9.jar (com.squareup.okhttp3:okhttp:3.14.9) with IdentityTransform
Transforming okhttp-3.14.9.jar (com.squareup.okhttp3:okhttp:3.14.9) with EnumerateClassesTransform
Transforming dynamicanimation-1.0.0.aar (androidx.dynamicanimation:dynamicanimation:1.0.0) with AarToClassTransform
Transforming dynamicanimation-1.0.0.aar (androidx.dynamicanimation:dynamicanimation:1.0.0) with EnumerateClassesTransform
Transforming legacy-support-core-utils-1.0.0.aar (androidx.legacy:legacy-support-core-utils:1.0.0) with AarToClassTransform
Transforming legacy-support-core-utils-1.0.0.aar (androidx.legacy:legacy-support-core-utils:1.0.0) with EnumerateClassesTransform
Transforming documentfile-1.0.1.aar (androidx.documentfile:documentfile:1.0.1) with AarToClassTransform
Transforming documentfile-1.0.1.aar (androidx.documentfile:documentfile:1.0.1) with EnumerateClassesTransform
Transforming documentfile-1.0.1.aar (androidx.documentfile:documentfile:1.0.1) with AarToClassTransform
Transforming documentfile-1.0.1.aar (androidx.documentfile:documentfile:1.0.1) with EnumerateClassesTransform
Transforming viewpager2-1.0.0.aar (androidx.viewpager2:viewpager2:1.0.0) with AarToClassTransform
Transforming viewpager2-1.0.0.aar (androidx.viewpager2:viewpager2:1.0.0) with EnumerateClassesTransform
Transforming fragment-1.3.6.aar (androidx.fragment:fragment:1.3.6) with AarToClassTransform
Transforming fragment-1.3.6.aar (androidx.fragment:fragment:1.3.6) with EnumerateClassesTransform
Transforming fragment-1.3.6.aar (androidx.fragment:fragment:1.3.6) with AarToClassTransform
Transforming fragment-1.3.6.aar (androidx.fragment:fragment:1.3.6) with EnumerateClassesTransform
Transforming activity-1.8.0.aar (androidx.activity:activity:1.8.0) with AarToClassTransform
Transforming activity-1.8.0.aar (androidx.activity:activity:1.8.0) with EnumerateClassesTransform
Transforming emoji2-views-helper-1.2.0.aar (androidx.emoji2:emoji2-views-helper:1.2.0) with AarToClassTransform
Transforming emoji2-views-helper-1.2.0.aar (androidx.emoji2:emoji2-views-helper:1.2.0) with EnumerateClassesTransform
Transforming emoji2-1.2.0.aar (androidx.emoji2:emoji2:1.2.0) with AarToClassTransform
Transforming emoji2-1.2.0.aar (androidx.emoji2:emoji2:1.2.0) with EnumerateClassesTransform
Transforming drawerlayout-1.1.1.aar (androidx.drawerlayout:drawerlayout:1.1.1) with AarToClassTransform
Transforming drawerlayout-1.1.1.aar (androidx.drawerlayout:drawerlayout:1.1.1) with EnumerateClassesTransform
Transforming coordinatorlayout-1.1.0.aar (androidx.coordinatorlayout:coordinatorlayout:1.1.0) with AarToClassTransform
Transforming coordinatorlayout-1.1.0.aar (androidx.coordinatorlayout:coordinatorlayout:1.1.0) with EnumerateClassesTransform
Transforming transition-1.2.0.aar (androidx.transition:transition:1.2.0) with AarToClassTransform
Transforming transition-1.2.0.aar (androidx.transition:transition:1.2.0) with EnumerateClassesTransform
Transforming vectordrawable-animated-1.1.0.aar (androidx.vectordrawable:vectordrawable-animated:1.1.0) with AarToClassTransform
Transforming vectordrawable-animated-1.1.0.aar (androidx.vectordrawable:vectordrawable-animated:1.1.0) with EnumerateClassesTransform
Transforming vectordrawable-1.1.0.aar (androidx.vectordrawable:vectordrawable:1.1.0) with AarToClassTransform
Transforming vectordrawable-1.1.0.aar (androidx.vectordrawable:vectordrawable:1.1.0) with EnumerateClassesTransform
Transforming vectordrawable-1.1.0.aar (androidx.vectordrawable:vectordrawable:1.1.0) with AarToClassTransform
Transforming vectordrawable-1.1.0.aar (androidx.vectordrawable:vectordrawable:1.1.0) with EnumerateClassesTransform
Transforming loader-1.0.0.aar (androidx.loader:loader:1.0.0) with AarToClassTransform
Transforming loader-1.0.0.aar (androidx.loader:loader:1.0.0) with EnumerateClassesTransform
Transforming loader-1.0.0.aar (androidx.loader:loader:1.0.0) with AarToClassTransform
Transforming loader-1.0.0.aar (androidx.loader:loader:1.0.0) with EnumerateClassesTransform
Transforming savedstate-1.2.1.aar (androidx.savedstate:savedstate:1.2.1) with AarToClassTransform
Transforming savedstate-1.2.1.aar (androidx.savedstate:savedstate:1.2.1) with EnumerateClassesTransform
Transforming lifecycle-process-2.6.1.aar (androidx.lifecycle:lifecycle-process:2.6.1) with AarToClassTransform
Transforming lifecycle-process-2.6.1.aar (androidx.lifecycle:lifecycle-process:2.6.1) with EnumerateClassesTransform
Transforming lifecycle-livedata-core-2.6.1.aar (androidx.lifecycle:lifecycle-livedata-core:2.6.1) with AarToClassTransform
Transforming lifecycle-livedata-core-2.6.1.aar (androidx.lifecycle:lifecycle-livedata-core:2.6.1) with EnumerateClassesTransform
Transforming lifecycle-livedata-2.6.1.aar (androidx.lifecycle:lifecycle-livedata:2.6.1) with AarToClassTransform
Transforming lifecycle-livedata-2.6.1.aar (androidx.lifecycle:lifecycle-livedata:2.6.1) with EnumerateClassesTransform
Transforming lifecycle-common-2.6.1.jar (androidx.lifecycle:lifecycle-common:2.6.1) with IdentityTransform
Transforming lifecycle-common-2.6.1.jar (androidx.lifecycle:lifecycle-common:2.6.1) with EnumerateClassesTransform
Transforming lifecycle-viewmodel-2.6.1.aar (androidx.lifecycle:lifecycle-viewmodel:2.6.1) with AarToClassTransform
Transforming lifecycle-viewmodel-2.6.1.aar (androidx.lifecycle:lifecycle-viewmodel:2.6.1) with EnumerateClassesTransform
Transforming lifecycle-viewmodel-2.6.1.aar (androidx.lifecycle:lifecycle-viewmodel:2.6.1) with AarToClassTransform
Transforming lifecycle-viewmodel-2.6.1.aar (androidx.lifecycle:lifecycle-viewmodel:2.6.1) with EnumerateClassesTransform
Transforming lifecycle-runtime-2.6.1.aar (androidx.lifecycle:lifecycle-runtime:2.6.1) with AarToClassTransform
Transforming lifecycle-runtime-2.6.1.aar (androidx.lifecycle:lifecycle-runtime:2.6.1) with EnumerateClassesTransform
Transforming lifecycle-viewmodel-savedstate-2.6.1.aar (androidx.lifecycle:lifecycle-viewmodel-savedstate:2.6.1) with AarToClassTransform
Transforming lifecycle-viewmodel-savedstate-2.6.1.aar (androidx.lifecycle:lifecycle-viewmodel-savedstate:2.6.1) with EnumerateClassesTransform
Transforming core-ktx-1.9.0.aar (androidx.core:core-ktx:1.9.0) with AarToClassTransform
Transforming core-ktx-1.9.0.aar (androidx.core:core-ktx:1.9.0) with EnumerateClassesTransform
Transforming viewpager-1.0.0.aar (androidx.viewpager:viewpager:1.0.0) with AarToClassTransform
Transforming viewpager-1.0.0.aar (androidx.viewpager:viewpager:1.0.0) with EnumerateClassesTransform
Transforming recyclerview-1.1.0.aar (androidx.recyclerview:recyclerview:1.1.0) with AarToClassTransform
Transforming recyclerview-1.1.0.aar (androidx.recyclerview:recyclerview:1.1.0) with EnumerateClassesTransform
Transforming recyclerview-1.1.0.aar (androidx.recyclerview:recyclerview:1.1.0) with AarToClassTransform
Transforming recyclerview-1.1.0.aar (androidx.recyclerview:recyclerview:1.1.0) with EnumerateClassesTransform
Transforming customview-1.1.0.aar (androidx.customview:customview:1.1.0) with AarToClassTransform
Transforming customview-1.1.0.aar (androidx.customview:customview:1.1.0) with EnumerateClassesTransform
Transforming core-1.9.0.aar (androidx.core:core:1.9.0) with AarToClassTransform
Transforming core-1.9.0.aar (androidx.core:core:1.9.0) with EnumerateClassesTransform
Transforming core-1.9.0.aar (androidx.core:core:1.9.0) with AarToClassTransform
Transforming core-1.9.0.aar (androidx.core:core:1.9.0) with EnumerateClassesTransform
Transforming cursoradapter-1.0.0.aar (androidx.cursoradapter:cursoradapter:1.0.0) with AarToClassTransform
Transforming cursoradapter-1.0.0.aar (androidx.cursoradapter:cursoradapter:1.0.0) with EnumerateClassesTransform
Transforming resourceinspection-annotation-1.0.1.jar (androidx.resourceinspection:resourceinspection-annotation:1.0.1) with IdentityTransform
Transforming resourceinspection-annotation-1.0.1.jar (androidx.resourceinspection:resourceinspection-annotation:1.0.1) with EnumerateClassesTransform
Transforming cardview-1.0.0.aar (androidx.cardview:cardview:1.0.0) with AarToClassTransform
Transforming cardview-1.0.0.aar (androidx.cardview:cardview:1.0.0) with EnumerateClassesTransform
Transforming versionedparcelable-1.1.1.aar (androidx.versionedparcelable:versionedparcelable:1.1.1) with AarToClassTransform
Transforming versionedparcelable-1.1.1.aar (androidx.versionedparcelable:versionedparcelable:1.1.1) with EnumerateClassesTransform
Transforming collection-1.1.0.jar (androidx.collection:collection:1.1.0) with IdentityTransform
Transforming collection-1.1.0.jar (androidx.collection:collection:1.1.0) with EnumerateClassesTransform
Transforming profileinstaller-1.3.0.aar (androidx.profileinstaller:profileinstaller:1.3.0) with AarToClassTransform
Transforming profileinstaller-1.3.0.aar (androidx.profileinstaller:profileinstaller:1.3.0) with EnumerateClassesTransform
Transforming startup-runtime-1.1.1.aar (androidx.startup:startup-runtime:1.1.1) with AarToClassTransform
Transforming startup-runtime-1.1.1.aar (androidx.startup:startup-runtime:1.1.1) with EnumerateClassesTransform
Transforming tracing-1.0.0.aar (androidx.tracing:tracing:1.0.0) with AarToClassTransform
Transforming tracing-1.0.0.aar (androidx.tracing:tracing:1.0.0) with EnumerateClassesTransform
Transforming interpolator-1.0.0.aar (androidx.interpolator:interpolator:1.0.0) with AarToClassTransform
Transforming interpolator-1.0.0.aar (androidx.interpolator:interpolator:1.0.0) with EnumerateClassesTransform
Transforming core-runtime-2.2.0.aar (androidx.arch.core:core-runtime:2.2.0) with AarToClassTransform
Transforming core-runtime-2.2.0.aar (androidx.arch.core:core-runtime:2.2.0) with EnumerateClassesTransform
Transforming core-common-2.2.0.jar (androidx.arch.core:core-common:2.2.0) with IdentityTransform
Transforming core-common-2.2.0.jar (androidx.arch.core:core-common:2.2.0) with EnumerateClassesTransform
Transforming concurrent-futures-1.1.0.jar (androidx.concurrent:concurrent-futures:1.1.0) with IdentityTransform
Transforming concurrent-futures-1.1.0.jar (androidx.concurrent:concurrent-futures:1.1.0) with EnumerateClassesTransform
Transforming localbroadcastmanager-1.0.0.aar (androidx.localbroadcastmanager:localbroadcastmanager:1.0.0) with AarToClassTransform
Transforming localbroadcastmanager-1.0.0.aar (androidx.localbroadcastmanager:localbroadcastmanager:1.0.0) with EnumerateClassesTransform
Transforming print-1.0.0.aar (androidx.print:print:1.0.0) with AarToClassTransform
Transforming print-1.0.0.aar (androidx.print:print:1.0.0) with EnumerateClassesTransform
Transforming annotation-1.5.0.jar (androidx.annotation:annotation:1.5.0) with IdentityTransform
Transforming annotation-1.5.0.jar (androidx.annotation:annotation:1.5.0) with EnumerateClassesTransform
Transforming annotation-experimental-1.3.0.aar (androidx.annotation:annotation-experimental:1.3.0) with AarToClassTransform
Transforming annotation-experimental-1.3.0.aar (androidx.annotation:annotation-experimental:1.3.0) with EnumerateClassesTransform
Transforming kotlinx-coroutines-core-jvm-1.6.4.jar (org.jetbrains.kotlinx:kotlinx-coroutines-core-jvm:1.6.4) with IdentityTransform
Transforming kotlinx-coroutines-core-jvm-1.6.4.jar (org.jetbrains.kotlinx:kotlinx-coroutines-core-jvm:1.6.4) with EnumerateClassesTransform
Transforming kotlinx-coroutines-android-1.6.4.jar (org.jetbrains.kotlinx:kotlinx-coroutines-android:1.6.4) with IdentityTransform
Transforming kotlinx-coroutines-android-1.6.4.jar (org.jetbrains.kotlinx:kotlinx-coroutines-android:1.6.4) with EnumerateClassesTransform
Transforming kotlin-stdlib-jdk8-1.8.22.jar (org.jetbrains.kotlin:kotlin-stdlib-jdk8:1.8.22) with IdentityTransform
Transforming kotlin-stdlib-jdk8-1.8.22.jar (org.jetbrains.kotlin:kotlin-stdlib-jdk8:1.8.22) with EnumerateClassesTransform
Transforming kotlin-stdlib-jdk7-1.8.22.jar (org.jetbrains.kotlin:kotlin-stdlib-jdk7:1.8.22) with IdentityTransform
Transforming kotlin-stdlib-jdk7-1.8.22.jar (org.jetbrains.kotlin:kotlin-stdlib-jdk7:1.8.22) with EnumerateClassesTransform
Transforming kotlin-stdlib-1.8.22.jar (org.jetbrains.kotlin:kotlin-stdlib:1.8.22) with IdentityTransform
Transforming kotlin-stdlib-1.8.22.jar (org.jetbrains.kotlin:kotlin-stdlib:1.8.22) with EnumerateClassesTransform
Transforming error_prone_annotations-2.15.0.jar (com.google.errorprone:error_prone_annotations:2.15.0) with IdentityTransform
Transforming error_prone_annotations-2.15.0.jar (com.google.errorprone:error_prone_annotations:2.15.0) with EnumerateClassesTransform
Transforming constraintlayout-core-1.0.4.jar (androidx.constraintlayout:constraintlayout-core:1.0.4) with IdentityTransform
Transforming constraintlayout-core-1.0.4.jar (androidx.constraintlayout:constraintlayout-core:1.0.4) with EnumerateClassesTransform
Transforming okio-1.17.2.jar (com.squareup.okio:okio:1.17.2) with IdentityTransform
Transforming okio-1.17.2.jar (com.squareup.okio:okio:1.17.2) with EnumerateClassesTransform
Transforming kotlin-stdlib-common-1.8.22.jar (org.jetbrains.kotlin:kotlin-stdlib-common:1.8.22) with IdentityTransform
Transforming kotlin-stdlib-common-1.8.22.jar (org.jetbrains.kotlin:kotlin-stdlib-common:1.8.22) with EnumerateClassesTransform
Transforming annotations-13.0.jar (org.jetbrains:annotations:13.0) with IdentityTransform
Transforming annotations-13.0.jar (org.jetbrains:annotations:13.0) with EnumerateClassesTransform
Transforming listenablefuture-1.0.jar (com.google.guava:listenablefuture:1.0) with IdentityTransform
Transforming listenablefuture-1.0.jar (com.google.guava:listenablefuture:1.0) with EnumerateClassesTransform
Caching disabled for task ':app:checkDebugDuplicateClasses' because:
  Build cache is disabled
Skipping task ':app:checkDebugDuplicateClasses' as it is up-to-date.
Resolve mutations for :app:desugarDebugFileDependencies (Thread[Execution worker Thread 8,5,main]) started.
:app:desugarDebugFileDependencies (Thread[Execution worker Thread 8,5,main]) started.

> Task :app:desugarDebugFileDependencies UP-TO-DATE
Transforming material-1.11.0.aar (com.google.android.material:material:1.11.0) with ExtractAarTransform
Transforming material-1.11.0.aar (com.google.android.material:material:1.11.0) with AarTransform
Transforming constraintlayout-2.1.4.aar (androidx.constraintlayout:constraintlayout:2.1.4) with ExtractAarTransform
Transforming constraintlayout-2.1.4.aar (androidx.constraintlayout:constraintlayout:2.1.4) with AarTransform
Transforming appcompat-resources-1.6.1.aar (androidx.appcompat:appcompat-resources:1.6.1) with ExtractAarTransform
Transforming appcompat-resources-1.6.1.aar (androidx.appcompat:appcompat-resources:1.6.1) with AarTransform
Transforming appcompat-1.6.1.aar (androidx.appcompat:appcompat:1.6.1) with ExtractAarTransform
Transforming appcompat-1.6.1.aar (androidx.appcompat:appcompat:1.6.1) with AarTransform
Transforming usb-serial-for-android-3.7.0.aar (com.github.mik3y:usb-serial-for-android:3.7.0) with ExtractAarTransform
Transforming usb-serial-for-android-3.7.0.aar (com.github.mik3y:usb-serial-for-android:3.7.0) with AarTransform
Transforming dynamicanimation-1.0.0.aar (androidx.dynamicanimation:dynamicanimation:1.0.0) with ExtractAarTransform
Transforming dynamicanimation-1.0.0.aar (androidx.dynamicanimation:dynamicanimation:1.0.0) with AarTransform
Transforming legacy-support-core-utils-1.0.0.aar (androidx.legacy:legacy-support-core-utils:1.0.0) with ExtractAarTransform
Transforming legacy-support-core-utils-1.0.0.aar (androidx.legacy:legacy-support-core-utils:1.0.0) with AarTransform
Transforming documentfile-1.0.1.aar (androidx.documentfile:documentfile:1.0.1) with ExtractAarTransform
Transforming documentfile-1.0.1.aar (androidx.documentfile:documentfile:1.0.1) with AarTransform
Transforming documentfile-1.0.1.aar (androidx.documentfile:documentfile:1.0.1) with ExtractAarTransform
Transforming documentfile-1.0.1.aar (androidx.documentfile:documentfile:1.0.1) with AarTransform
Transforming viewpager2-1.0.0.aar (androidx.viewpager2:viewpager2:1.0.0) with ExtractAarTransform
Transforming viewpager2-1.0.0.aar (androidx.viewpager2:viewpager2:1.0.0) with AarTransform
Transforming fragment-1.3.6.aar (androidx.fragment:fragment:1.3.6) with ExtractAarTransform
Transforming fragment-1.3.6.aar (androidx.fragment:fragment:1.3.6) with AarTransform
Transforming fragment-1.3.6.aar (androidx.fragment:fragment:1.3.6) with ExtractAarTransform
Transforming fragment-1.3.6.aar (androidx.fragment:fragment:1.3.6) with AarTransform
Transforming activity-1.8.0.aar (androidx.activity:activity:1.8.0) with ExtractAarTransform
Transforming activity-1.8.0.aar (androidx.activity:activity:1.8.0) with AarTransform
Transforming emoji2-views-helper-1.2.0.aar (androidx.emoji2:emoji2-views-helper:1.2.0) with ExtractAarTransform
Transforming emoji2-views-helper-1.2.0.aar (androidx.emoji2:emoji2-views-helper:1.2.0) with AarTransform
Transforming emoji2-1.2.0.aar (androidx.emoji2:emoji2:1.2.0) with ExtractAarTransform
Transforming emoji2-1.2.0.aar (androidx.emoji2:emoji2:1.2.0) with AarTransform
Transforming drawerlayout-1.1.1.aar (androidx.drawerlayout:drawerlayout:1.1.1) with ExtractAarTransform
Transforming drawerlayout-1.1.1.aar (androidx.drawerlayout:drawerlayout:1.1.1) with AarTransform
Transforming coordinatorlayout-1.1.0.aar (androidx.coordinatorlayout:coordinatorlayout:1.1.0) with ExtractAarTransform
Transforming coordinatorlayout-1.1.0.aar (androidx.coordinatorlayout:coordinatorlayout:1.1.0) with AarTransform
Transforming transition-1.2.0.aar (androidx.transition:transition:1.2.0) with ExtractAarTransform
Transforming transition-1.2.0.aar (androidx.transition:transition:1.2.0) with AarTransform
Transforming vectordrawable-animated-1.1.0.aar (androidx.vectordrawable:vectordrawable-animated:1.1.0) with ExtractAarTransform
Transforming vectordrawable-animated-1.1.0.aar (androidx.vectordrawable:vectordrawable-animated:1.1.0) with AarTransform
Transforming vectordrawable-1.1.0.aar (androidx.vectordrawable:vectordrawable:1.1.0) with ExtractAarTransform
Transforming vectordrawable-1.1.0.aar (androidx.vectordrawable:vectordrawable:1.1.0) with AarTransform
Transforming vectordrawable-1.1.0.aar (androidx.vectordrawable:vectordrawable:1.1.0) with ExtractAarTransform
Transforming vectordrawable-1.1.0.aar (androidx.vectordrawable:vectordrawable:1.1.0) with AarTransform
Transforming loader-1.0.0.aar (androidx.loader:loader:1.0.0) with ExtractAarTransform
Transforming loader-1.0.0.aar (androidx.loader:loader:1.0.0) with AarTransform
Transforming loader-1.0.0.aar (androidx.loader:loader:1.0.0) with ExtractAarTransform
Transforming loader-1.0.0.aar (androidx.loader:loader:1.0.0) with AarTransform
Transforming savedstate-1.2.1.aar (androidx.savedstate:savedstate:1.2.1) with ExtractAarTransform
Transforming savedstate-1.2.1.aar (androidx.savedstate:savedstate:1.2.1) with AarTransform
Transforming lifecycle-process-2.6.1.aar (androidx.lifecycle:lifecycle-process:2.6.1) with ExtractAarTransform
Transforming lifecycle-process-2.6.1.aar (androidx.lifecycle:lifecycle-process:2.6.1) with AarTransform
Transforming lifecycle-livedata-core-2.6.1.aar (androidx.lifecycle:lifecycle-livedata-core:2.6.1) with ExtractAarTransform
Transforming lifecycle-livedata-core-2.6.1.aar (androidx.lifecycle:lifecycle-livedata-core:2.6.1) with AarTransform
Transforming lifecycle-livedata-2.6.1.aar (androidx.lifecycle:lifecycle-livedata:2.6.1) with ExtractAarTransform
Transforming lifecycle-livedata-2.6.1.aar (androidx.lifecycle:lifecycle-livedata:2.6.1) with AarTransform
Transforming lifecycle-viewmodel-2.6.1.aar (androidx.lifecycle:lifecycle-viewmodel:2.6.1) with ExtractAarTransform
Transforming lifecycle-viewmodel-2.6.1.aar (androidx.lifecycle:lifecycle-viewmodel:2.6.1) with AarTransform
Transforming lifecycle-viewmodel-2.6.1.aar (androidx.lifecycle:lifecycle-viewmodel:2.6.1) with ExtractAarTransform
Transforming lifecycle-viewmodel-2.6.1.aar (androidx.lifecycle:lifecycle-viewmodel:2.6.1) with AarTransform
Transforming lifecycle-runtime-2.6.1.aar (androidx.lifecycle:lifecycle-runtime:2.6.1) with ExtractAarTransform
Transforming lifecycle-runtime-2.6.1.aar (androidx.lifecycle:lifecycle-runtime:2.6.1) with AarTransform
Transforming lifecycle-viewmodel-savedstate-2.6.1.aar (androidx.lifecycle:lifecycle-viewmodel-savedstate:2.6.1) with ExtractAarTransform
Transforming lifecycle-viewmodel-savedstate-2.6.1.aar (androidx.lifecycle:lifecycle-viewmodel-savedstate:2.6.1) with AarTransform
Transforming core-ktx-1.9.0.aar (androidx.core:core-ktx:1.9.0) with ExtractAarTransform
Transforming core-ktx-1.9.0.aar (androidx.core:core-ktx:1.9.0) with AarTransform
Transforming viewpager-1.0.0.aar (androidx.viewpager:viewpager:1.0.0) with ExtractAarTransform
Transforming viewpager-1.0.0.aar (androidx.viewpager:viewpager:1.0.0) with AarTransform
Transforming recyclerview-1.1.0.aar (androidx.recyclerview:recyclerview:1.1.0) with ExtractAarTransform
Transforming recyclerview-1.1.0.aar (androidx.recyclerview:recyclerview:1.1.0) with AarTransform
Transforming recyclerview-1.1.0.aar (androidx.recyclerview:recyclerview:1.1.0) with ExtractAarTransform
Transforming recyclerview-1.1.0.aar (androidx.recyclerview:recyclerview:1.1.0) with AarTransform
Transforming customview-1.1.0.aar (androidx.customview:customview:1.1.0) with ExtractAarTransform
Transforming customview-1.1.0.aar (androidx.customview:customview:1.1.0) with AarTransform
Transforming core-1.9.0.aar (androidx.core:core:1.9.0) with ExtractAarTransform
Transforming core-1.9.0.aar (androidx.core:core:1.9.0) with AarTransform
Transforming core-1.9.0.aar (androidx.core:core:1.9.0) with ExtractAarTransform
Transforming core-1.9.0.aar (androidx.core:core:1.9.0) with AarTransform
Transforming cursoradapter-1.0.0.aar (androidx.cursoradapter:cursoradapter:1.0.0) with ExtractAarTransform
Transforming cursoradapter-1.0.0.aar (androidx.cursoradapter:cursoradapter:1.0.0) with AarTransform
Transforming cardview-1.0.0.aar (androidx.cardview:cardview:1.0.0) with ExtractAarTransform
Transforming cardview-1.0.0.aar (androidx.cardview:cardview:1.0.0) with AarTransform
Transforming versionedparcelable-1.1.1.aar (androidx.versionedparcelable:versionedparcelable:1.1.1) with ExtractAarTransform
Transforming versionedparcelable-1.1.1.aar (androidx.versionedparcelable:versionedparcelable:1.1.1) with AarTransform
Transforming profileinstaller-1.3.0.aar (androidx.profileinstaller:profileinstaller:1.3.0) with ExtractAarTransform
Transforming profileinstaller-1.3.0.aar (androidx.profileinstaller:profileinstaller:1.3.0) with AarTransform
Transforming startup-runtime-1.1.1.aar (androidx.startup:startup-runtime:1.1.1) with ExtractAarTransform
Transforming startup-runtime-1.1.1.aar (androidx.startup:startup-runtime:1.1.1) with AarTransform
Transforming tracing-1.0.0.aar (androidx.tracing:tracing:1.0.0) with ExtractAarTransform
Transforming tracing-1.0.0.aar (androidx.tracing:tracing:1.0.0) with AarTransform
Transforming interpolator-1.0.0.aar (androidx.interpolator:interpolator:1.0.0) with ExtractAarTransform
Transforming interpolator-1.0.0.aar (androidx.interpolator:interpolator:1.0.0) with AarTransform
Transforming core-runtime-2.2.0.aar (androidx.arch.core:core-runtime:2.2.0) with ExtractAarTransform
Transforming core-runtime-2.2.0.aar (androidx.arch.core:core-runtime:2.2.0) with AarTransform
Transforming localbroadcastmanager-1.0.0.aar (androidx.localbroadcastmanager:localbroadcastmanager:1.0.0) with ExtractAarTransform
Transforming localbroadcastmanager-1.0.0.aar (androidx.localbroadcastmanager:localbroadcastmanager:1.0.0) with AarTransform
Transforming print-1.0.0.aar (androidx.print:print:1.0.0) with ExtractAarTransform
Transforming print-1.0.0.aar (androidx.print:print:1.0.0) with AarTransform
Transforming annotation-experimental-1.3.0.aar (androidx.annotation:annotation-experimental:1.3.0) with ExtractAarTransform
Transforming annotation-experimental-1.3.0.aar (androidx.annotation:annotation-experimental:1.3.0) with AarTransform
Caching disabled for task ':app:desugarDebugFileDependencies' because:
  Build cache is disabled
Skipping task ':app:desugarDebugFileDependencies' as it is up-to-date.
Resolve mutations for :app:mergeExtDexDebug (Thread[Execution worker Thread 8,5,main]) started.
:app:mergeExtDexDebug (Thread[Execution worker Thread 8,5,main]) started.

> Task :app:mergeExtDexDebug UP-TO-DATE
Transforming constraintlayout-2.1.4.aar (androidx.constraintlayout:constraintlayout:2.1.4) with AarToClassTransform
Transforming appcompat-resources-1.6.1.aar (androidx.appcompat:appcompat-resources:1.6.1) with AarToClassTransform
Transforming appcompat-1.6.1.aar (androidx.appcompat:appcompat:1.6.1) with AarToClassTransform
Transforming dynamicanimation-1.0.0.aar (androidx.dynamicanimation:dynamicanimation:1.0.0) with AarToClassTransform
Transforming legacy-support-core-utils-1.0.0.aar (androidx.legacy:legacy-support-core-utils:1.0.0) with AarToClassTransform
Transforming documentfile-1.0.1.aar (androidx.documentfile:documentfile:1.0.1) with AarToClassTransform
Transforming documentfile-1.0.1.aar (androidx.documentfile:documentfile:1.0.1) with AarToClassTransform
Transforming viewpager2-1.0.0.aar (androidx.viewpager2:viewpager2:1.0.0) with AarToClassTransform
Transforming fragment-1.3.6.aar (androidx.fragment:fragment:1.3.6) with AarToClassTransform
Transforming fragment-1.3.6.aar (androidx.fragment:fragment:1.3.6) with AarToClassTransform
Transforming activity-1.8.0.aar (androidx.activity:activity:1.8.0) with AarToClassTransform
Transforming emoji2-views-helper-1.2.0.aar (androidx.emoji2:emoji2-views-helper:1.2.0) with AarToClassTransform
Transforming emoji2-1.2.0.aar (androidx.emoji2:emoji2:1.2.0) with AarToClassTransform
Transforming drawerlayout-1.1.1.aar (androidx.drawerlayout:drawerlayout:1.1.1) with AarToClassTransform
Transforming coordinatorlayout-1.1.0.aar (androidx.coordinatorlayout:coordinatorlayout:1.1.0) with AarToClassTransform
Transforming transition-1.2.0.aar (androidx.transition:transition:1.2.0) with AarToClassTransform
Transforming vectordrawable-animated-1.1.0.aar (androidx.vectordrawable:vectordrawable-animated:1.1.0) with AarToClassTransform
Transforming vectordrawable-1.1.0.aar (androidx.vectordrawable:vectordrawable:1.1.0) with AarToClassTransform
Transforming vectordrawable-1.1.0.aar (androidx.vectordrawable:vectordrawable:1.1.0) with AarToClassTransform
Transforming loader-1.0.0.aar (androidx.loader:loader:1.0.0) with AarToClassTransform
Transforming loader-1.0.0.aar (androidx.loader:loader:1.0.0) with AarToClassTransform
Transforming savedstate-1.2.1.aar (androidx.savedstate:savedstate:1.2.1) with AarToClassTransform
Transforming lifecycle-process-2.6.1.aar (androidx.lifecycle:lifecycle-process:2.6.1) with AarToClassTransform
Transforming lifecycle-livedata-core-2.6.1.aar (androidx.lifecycle:lifecycle-livedata-core:2.6.1) with AarToClassTransform
Transforming lifecycle-livedata-2.6.1.aar (androidx.lifecycle:lifecycle-livedata:2.6.1) with AarToClassTransform
Transforming lifecycle-common-2.6.1.jar (androidx.lifecycle:lifecycle-common:2.6.1) with IdentityTransform
Transforming lifecycle-viewmodel-2.6.1.aar (androidx.lifecycle:lifecycle-viewmodel:2.6.1) with AarToClassTransform
Transforming lifecycle-viewmodel-2.6.1.aar (androidx.lifecycle:lifecycle-viewmodel:2.6.1) with AarToClassTransform
Transforming lifecycle-runtime-2.6.1.aar (androidx.lifecycle:lifecycle-runtime:2.6.1) with AarToClassTransform
Transforming lifecycle-viewmodel-savedstate-2.6.1.aar (androidx.lifecycle:lifecycle-viewmodel-savedstate:2.6.1) with AarToClassTransform
Transforming core-ktx-1.9.0.aar (androidx.core:core-ktx:1.9.0) with AarToClassTransform
Transforming viewpager-1.0.0.aar (androidx.viewpager:viewpager:1.0.0) with AarToClassTransform
Transforming recyclerview-1.1.0.aar (androidx.recyclerview:recyclerview:1.1.0) with AarToClassTransform
Transforming recyclerview-1.1.0.aar (androidx.recyclerview:recyclerview:1.1.0) with AarToClassTransform
Transforming customview-1.1.0.aar (androidx.customview:customview:1.1.0) with AarToClassTransform
Transforming core-1.9.0.aar (androidx.core:core:1.9.0) with AarToClassTransform
Transforming core-1.9.0.aar (androidx.core:core:1.9.0) with AarToClassTransform
Transforming cursoradapter-1.0.0.aar (androidx.cursoradapter:cursoradapter:1.0.0) with AarToClassTransform
Transforming resourceinspection-annotation-1.0.1.jar (androidx.resourceinspection:resourceinspection-annotation:1.0.1) with IdentityTransform
Transforming cardview-1.0.0.aar (androidx.cardview:cardview:1.0.0) with AarToClassTransform
Transforming versionedparcelable-1.1.1.aar (androidx.versionedparcelable:versionedparcelable:1.1.1) with AarToClassTransform
Transforming collection-1.1.0.jar (androidx.collection:collection:1.1.0) with IdentityTransform
Transforming profileinstaller-1.3.0.aar (androidx.profileinstaller:profileinstaller:1.3.0) with AarToClassTransform
Transforming startup-runtime-1.1.1.aar (androidx.startup:startup-runtime:1.1.1) with AarToClassTransform
Transforming tracing-1.0.0.aar (androidx.tracing:tracing:1.0.0) with AarToClassTransform
Transforming interpolator-1.0.0.aar (androidx.interpolator:interpolator:1.0.0) with AarToClassTransform
Transforming core-runtime-2.2.0.aar (androidx.arch.core:core-runtime:2.2.0) with AarToClassTransform
Transforming core-common-2.2.0.jar (androidx.arch.core:core-common:2.2.0) with IdentityTransform
Transforming concurrent-futures-1.1.0.jar (androidx.concurrent:concurrent-futures:1.1.0) with IdentityTransform
Transforming localbroadcastmanager-1.0.0.aar (androidx.localbroadcastmanager:localbroadcastmanager:1.0.0) with AarToClassTransform
Transforming print-1.0.0.aar (androidx.print:print:1.0.0) with AarToClassTransform
Transforming annotation-1.5.0.jar (androidx.annotation:annotation:1.5.0) with IdentityTransform
Transforming annotation-experimental-1.3.0.aar (androidx.annotation:annotation-experimental:1.3.0) with AarToClassTransform
Transforming kotlinx-coroutines-core-jvm-1.6.4.jar (org.jetbrains.kotlinx:kotlinx-coroutines-core-jvm:1.6.4) with IdentityTransform
Transforming kotlinx-coroutines-android-1.6.4.jar (org.jetbrains.kotlinx:kotlinx-coroutines-android:1.6.4) with IdentityTransform
Transforming kotlin-stdlib-jdk8-1.8.22.jar (org.jetbrains.kotlin:kotlin-stdlib-jdk8:1.8.22) with IdentityTransform
Transforming kotlin-stdlib-jdk7-1.8.22.jar (org.jetbrains.kotlin:kotlin-stdlib-jdk7:1.8.22) with IdentityTransform
Transforming kotlin-stdlib-1.8.22.jar (org.jetbrains.kotlin:kotlin-stdlib:1.8.22) with IdentityTransform
Transforming error_prone_annotations-2.15.0.jar (com.google.errorprone:error_prone_annotations:2.15.0) with IdentityTransform
Transforming constraintlayout-core-1.0.4.jar (androidx.constraintlayout:constraintlayout-core:1.0.4) with IdentityTransform
Transforming kotlin-stdlib-common-1.8.22.jar (org.jetbrains.kotlin:kotlin-stdlib-common:1.8.22) with IdentityTransform
Transforming annotations-13.0.jar (org.jetbrains:annotations:13.0) with IdentityTransform
Transforming listenablefuture-1.0.jar (com.google.guava:listenablefuture:1.0) with IdentityTransform
Transforming material-1.11.0.aar (com.google.android.material:material:1.11.0) with AarToClassTransform
Transforming material-1.11.0.aar (com.google.android.material:material:1.11.0) with DexingWithClasspathTransform
Transforming constraintlayout-2.1.4.aar (androidx.constraintlayout:constraintlayout:2.1.4) with AarToClassTransform
Transforming constraintlayout-2.1.4.aar (androidx.constraintlayout:constraintlayout:2.1.4) with DexingWithClasspathTransform
Transforming appcompat-resources-1.6.1.aar (androidx.appcompat:appcompat-resources:1.6.1) with AarToClassTransform
Transforming appcompat-resources-1.6.1.aar (androidx.appcompat:appcompat-resources:1.6.1) with DexingWithClasspathTransform
Transforming appcompat-1.6.1.aar (androidx.appcompat:appcompat:1.6.1) with AarToClassTransform
Transforming appcompat-1.6.1.aar (androidx.appcompat:appcompat:1.6.1) with DexingWithClasspathTransform
Transforming usb-serial-for-android-3.7.0.aar (com.github.mik3y:usb-serial-for-android:3.7.0) with AarToClassTransform
Transforming usb-serial-for-android-3.7.0.aar (com.github.mik3y:usb-serial-for-android:3.7.0) with DexingWithClasspathTransform
Transforming gson-2.10.1.jar (com.google.code.gson:gson:2.10.1) with IdentityTransform
Transforming gson-2.10.1.jar (com.google.code.gson:gson:2.10.1) with DexingWithClasspathTransform
Transforming okio-1.17.2.jar (com.squareup.okio:okio:1.17.2) with IdentityTransform
Transforming okhttp-3.14.9.jar (com.squareup.okhttp3:okhttp:3.14.9) with IdentityTransform
Transforming okhttp-3.14.9.jar (com.squareup.okhttp3:okhttp:3.14.9) with DexingWithClasspathTransform
Transforming dynamicanimation-1.0.0.aar (androidx.dynamicanimation:dynamicanimation:1.0.0) with AarToClassTransform
Transforming dynamicanimation-1.0.0.aar (androidx.dynamicanimation:dynamicanimation:1.0.0) with DexingWithClasspathTransform
Transforming legacy-support-core-utils-1.0.0.aar (androidx.legacy:legacy-support-core-utils:1.0.0) with AarToClassTransform
Transforming legacy-support-core-utils-1.0.0.aar (androidx.legacy:legacy-support-core-utils:1.0.0) with DexingWithClasspathTransform
Transforming documentfile-1.0.1.aar (androidx.documentfile:documentfile:1.0.1) with AarToClassTransform
Transforming documentfile-1.0.1.aar (androidx.documentfile:documentfile:1.0.1) with DexingWithClasspathTransform
Transforming documentfile-1.0.1.aar (androidx.documentfile:documentfile:1.0.1) with AarToClassTransform
Transforming documentfile-1.0.1.aar (androidx.documentfile:documentfile:1.0.1) with DexingWithClasspathTransform
Transforming viewpager2-1.0.0.aar (androidx.viewpager2:viewpager2:1.0.0) with AarToClassTransform
Transforming viewpager2-1.0.0.aar (androidx.viewpager2:viewpager2:1.0.0) with DexingWithClasspathTransform
Transforming fragment-1.3.6.aar (androidx.fragment:fragment:1.3.6) with AarToClassTransform
Transforming fragment-1.3.6.aar (androidx.fragment:fragment:1.3.6) with DexingWithClasspathTransform
Transforming fragment-1.3.6.aar (androidx.fragment:fragment:1.3.6) with AarToClassTransform
Transforming fragment-1.3.6.aar (androidx.fragment:fragment:1.3.6) with DexingWithClasspathTransform
Transforming activity-1.8.0.aar (androidx.activity:activity:1.8.0) with AarToClassTransform
Transforming activity-1.8.0.aar (androidx.activity:activity:1.8.0) with DexingWithClasspathTransform
Transforming emoji2-views-helper-1.2.0.aar (androidx.emoji2:emoji2-views-helper:1.2.0) with AarToClassTransform
Transforming emoji2-views-helper-1.2.0.aar (androidx.emoji2:emoji2-views-helper:1.2.0) with DexingWithClasspathTransform
Transforming emoji2-1.2.0.aar (androidx.emoji2:emoji2:1.2.0) with AarToClassTransform
Transforming emoji2-1.2.0.aar (androidx.emoji2:emoji2:1.2.0) with DexingWithClasspathTransform
Transforming drawerlayout-1.1.1.aar (androidx.drawerlayout:drawerlayout:1.1.1) with AarToClassTransform
Transforming drawerlayout-1.1.1.aar (androidx.drawerlayout:drawerlayout:1.1.1) with DexingWithClasspathTransform
Transforming coordinatorlayout-1.1.0.aar (androidx.coordinatorlayout:coordinatorlayout:1.1.0) with AarToClassTransform
Transforming coordinatorlayout-1.1.0.aar (androidx.coordinatorlayout:coordinatorlayout:1.1.0) with DexingWithClasspathTransform
Transforming transition-1.2.0.aar (androidx.transition:transition:1.2.0) with AarToClassTransform
Transforming transition-1.2.0.aar (androidx.transition:transition:1.2.0) with DexingWithClasspathTransform
Transforming vectordrawable-animated-1.1.0.aar (androidx.vectordrawable:vectordrawable-animated:1.1.0) with AarToClassTransform
Transforming vectordrawable-animated-1.1.0.aar (androidx.vectordrawable:vectordrawable-animated:1.1.0) with DexingWithClasspathTransform
Transforming vectordrawable-1.1.0.aar (androidx.vectordrawable:vectordrawable:1.1.0) with AarToClassTransform
Transforming vectordrawable-1.1.0.aar (androidx.vectordrawable:vectordrawable:1.1.0) with DexingWithClasspathTransform
Transforming vectordrawable-1.1.0.aar (androidx.vectordrawable:vectordrawable:1.1.0) with AarToClassTransform
Transforming vectordrawable-1.1.0.aar (androidx.vectordrawable:vectordrawable:1.1.0) with DexingWithClasspathTransform
Transforming loader-1.0.0.aar (androidx.loader:loader:1.0.0) with AarToClassTransform
Transforming loader-1.0.0.aar (androidx.loader:loader:1.0.0) with DexingWithClasspathTransform
Transforming loader-1.0.0.aar (androidx.loader:loader:1.0.0) with AarToClassTransform
Transforming loader-1.0.0.aar (androidx.loader:loader:1.0.0) with DexingWithClasspathTransform
Transforming savedstate-1.2.1.aar (androidx.savedstate:savedstate:1.2.1) with AarToClassTransform
Transforming savedstate-1.2.1.aar (androidx.savedstate:savedstate:1.2.1) with DexingWithClasspathTransform
Transforming lifecycle-process-2.6.1.aar (androidx.lifecycle:lifecycle-process:2.6.1) with AarToClassTransform
Transforming lifecycle-process-2.6.1.aar (androidx.lifecycle:lifecycle-process:2.6.1) with DexingWithClasspathTransform
Transforming lifecycle-livedata-core-2.6.1.aar (androidx.lifecycle:lifecycle-livedata-core:2.6.1) with AarToClassTransform
Transforming lifecycle-livedata-core-2.6.1.aar (androidx.lifecycle:lifecycle-livedata-core:2.6.1) with DexingWithClasspathTransform
Transforming lifecycle-livedata-2.6.1.aar (androidx.lifecycle:lifecycle-livedata:2.6.1) with AarToClassTransform
Transforming lifecycle-livedata-2.6.1.aar (androidx.lifecycle:lifecycle-livedata:2.6.1) with DexingWithClasspathTransform
Transforming lifecycle-common-2.6.1.jar (androidx.lifecycle:lifecycle-common:2.6.1) with IdentityTransform
Transforming lifecycle-common-2.6.1.jar (androidx.lifecycle:lifecycle-common:2.6.1) with DexingWithClasspathTransform
Transforming lifecycle-viewmodel-2.6.1.aar (androidx.lifecycle:lifecycle-viewmodel:2.6.1) with AarToClassTransform
Transforming lifecycle-viewmodel-2.6.1.aar (androidx.lifecycle:lifecycle-viewmodel:2.6.1) with DexingWithClasspathTransform
Transforming lifecycle-viewmodel-2.6.1.aar (androidx.lifecycle:lifecycle-viewmodel:2.6.1) with AarToClassTransform
Transforming lifecycle-viewmodel-2.6.1.aar (androidx.lifecycle:lifecycle-viewmodel:2.6.1) with DexingWithClasspathTransform
Transforming lifecycle-runtime-2.6.1.aar (androidx.lifecycle:lifecycle-runtime:2.6.1) with AarToClassTransform
Transforming lifecycle-runtime-2.6.1.aar (androidx.lifecycle:lifecycle-runtime:2.6.1) with DexingWithClasspathTransform
Transforming lifecycle-viewmodel-savedstate-2.6.1.aar (androidx.lifecycle:lifecycle-viewmodel-savedstate:2.6.1) with AarToClassTransform
Transforming lifecycle-viewmodel-savedstate-2.6.1.aar (androidx.lifecycle:lifecycle-viewmodel-savedstate:2.6.1) with DexingWithClasspathTransform
Transforming core-ktx-1.9.0.aar (androidx.core:core-ktx:1.9.0) with AarToClassTransform
Transforming core-ktx-1.9.0.aar (androidx.core:core-ktx:1.9.0) with DexingWithClasspathTransform
Transforming viewpager-1.0.0.aar (androidx.viewpager:viewpager:1.0.0) with AarToClassTransform
Transforming viewpager-1.0.0.aar (androidx.viewpager:viewpager:1.0.0) with DexingWithClasspathTransform
Transforming recyclerview-1.1.0.aar (androidx.recyclerview:recyclerview:1.1.0) with AarToClassTransform
Transforming recyclerview-1.1.0.aar (androidx.recyclerview:recyclerview:1.1.0) with DexingWithClasspathTransform
Transforming recyclerview-1.1.0.aar (androidx.recyclerview:recyclerview:1.1.0) with AarToClassTransform
Transforming recyclerview-1.1.0.aar (androidx.recyclerview:recyclerview:1.1.0) with DexingWithClasspathTransform
Transforming customview-1.1.0.aar (androidx.customview:customview:1.1.0) with AarToClassTransform
Transforming customview-1.1.0.aar (androidx.customview:customview:1.1.0) with DexingWithClasspathTransform
Transforming core-1.9.0.aar (androidx.core:core:1.9.0) with AarToClassTransform
Transforming core-1.9.0.aar (androidx.core:core:1.9.0) with DexingWithClasspathTransform
Transforming core-1.9.0.aar (androidx.core:core:1.9.0) with AarToClassTransform
Transforming core-1.9.0.aar (androidx.core:core:1.9.0) with DexingWithClasspathTransform
Transforming cursoradapter-1.0.0.aar (androidx.cursoradapter:cursoradapter:1.0.0) with AarToClassTransform
Transforming cursoradapter-1.0.0.aar (androidx.cursoradapter:cursoradapter:1.0.0) with DexingWithClasspathTransform
Transforming resourceinspection-annotation-1.0.1.jar (androidx.resourceinspection:resourceinspection-annotation:1.0.1) with IdentityTransform
Transforming resourceinspection-annotation-1.0.1.jar (androidx.resourceinspection:resourceinspection-annotation:1.0.1) with DexingWithClasspathTransform
Transforming cardview-1.0.0.aar (androidx.cardview:cardview:1.0.0) with AarToClassTransform
Transforming cardview-1.0.0.aar (androidx.cardview:cardview:1.0.0) with DexingWithClasspathTransform
Transforming versionedparcelable-1.1.1.aar (androidx.versionedparcelable:versionedparcelable:1.1.1) with AarToClassTransform
Transforming versionedparcelable-1.1.1.aar (androidx.versionedparcelable:versionedparcelable:1.1.1) with DexingWithClasspathTransform
Transforming collection-1.1.0.jar (androidx.collection:collection:1.1.0) with IdentityTransform
Transforming collection-1.1.0.jar (androidx.collection:collection:1.1.0) with DexingWithClasspathTransform
Transforming profileinstaller-1.3.0.aar (androidx.profileinstaller:profileinstaller:1.3.0) with AarToClassTransform
Transforming profileinstaller-1.3.0.aar (androidx.profileinstaller:profileinstaller:1.3.0) with DexingWithClasspathTransform
Transforming startup-runtime-1.1.1.aar (androidx.startup:startup-runtime:1.1.1) with AarToClassTransform
Transforming startup-runtime-1.1.1.aar (androidx.startup:startup-runtime:1.1.1) with DexingWithClasspathTransform
Transforming tracing-1.0.0.aar (androidx.tracing:tracing:1.0.0) with AarToClassTransform
Transforming tracing-1.0.0.aar (androidx.tracing:tracing:1.0.0) with DexingWithClasspathTransform
Transforming interpolator-1.0.0.aar (androidx.interpolator:interpolator:1.0.0) with AarToClassTransform
Transforming interpolator-1.0.0.aar (androidx.interpolator:interpolator:1.0.0) with DexingWithClasspathTransform
Transforming core-runtime-2.2.0.aar (androidx.arch.core:core-runtime:2.2.0) with AarToClassTransform
Transforming core-runtime-2.2.0.aar (androidx.arch.core:core-runtime:2.2.0) with DexingWithClasspathTransform
Transforming core-common-2.2.0.jar (androidx.arch.core:core-common:2.2.0) with IdentityTransform
Transforming core-common-2.2.0.jar (androidx.arch.core:core-common:2.2.0) with DexingWithClasspathTransform
Transforming concurrent-futures-1.1.0.jar (androidx.concurrent:concurrent-futures:1.1.0) with IdentityTransform
Transforming concurrent-futures-1.1.0.jar (androidx.concurrent:concurrent-futures:1.1.0) with DexingWithClasspathTransform
Transforming localbroadcastmanager-1.0.0.aar (androidx.localbroadcastmanager:localbroadcastmanager:1.0.0) with AarToClassTransform
Transforming localbroadcastmanager-1.0.0.aar (androidx.localbroadcastmanager:localbroadcastmanager:1.0.0) with DexingWithClasspathTransform
Transforming print-1.0.0.aar (androidx.print:print:1.0.0) with AarToClassTransform
Transforming print-1.0.0.aar (androidx.print:print:1.0.0) with DexingWithClasspathTransform
Transforming annotation-1.5.0.jar (androidx.annotation:annotation:1.5.0) with IdentityTransform
Transforming annotation-1.5.0.jar (androidx.annotation:annotation:1.5.0) with DexingWithClasspathTransform
Transforming annotation-experimental-1.3.0.aar (androidx.annotation:annotation-experimental:1.3.0) with AarToClassTransform
Transforming annotation-experimental-1.3.0.aar (androidx.annotation:annotation-experimental:1.3.0) with DexingWithClasspathTransform
Transforming kotlinx-coroutines-core-jvm-1.6.4.jar (org.jetbrains.kotlinx:kotlinx-coroutines-core-jvm:1.6.4) with IdentityTransform
Transforming kotlinx-coroutines-core-jvm-1.6.4.jar (org.jetbrains.kotlinx:kotlinx-coroutines-core-jvm:1.6.4) with DexingWithClasspathTransform
Transforming kotlinx-coroutines-android-1.6.4.jar (org.jetbrains.kotlinx:kotlinx-coroutines-android:1.6.4) with IdentityTransform
Transforming kotlinx-coroutines-android-1.6.4.jar (org.jetbrains.kotlinx:kotlinx-coroutines-android:1.6.4) with DexingWithClasspathTransform
Transforming kotlin-stdlib-jdk8-1.8.22.jar (org.jetbrains.kotlin:kotlin-stdlib-jdk8:1.8.22) with IdentityTransform
Transforming kotlin-stdlib-jdk8-1.8.22.jar (org.jetbrains.kotlin:kotlin-stdlib-jdk8:1.8.22) with DexingWithClasspathTransform
Transforming kotlin-stdlib-jdk7-1.8.22.jar (org.jetbrains.kotlin:kotlin-stdlib-jdk7:1.8.22) with IdentityTransform
Transforming kotlin-stdlib-jdk7-1.8.22.jar (org.jetbrains.kotlin:kotlin-stdlib-jdk7:1.8.22) with DexingWithClasspathTransform
Transforming kotlin-stdlib-1.8.22.jar (org.jetbrains.kotlin:kotlin-stdlib:1.8.22) with IdentityTransform
Transforming kotlin-stdlib-1.8.22.jar (org.jetbrains.kotlin:kotlin-stdlib:1.8.22) with DexingWithClasspathTransform
Transforming error_prone_annotations-2.15.0.jar (com.google.errorprone:error_prone_annotations:2.15.0) with IdentityTransform
Transforming error_prone_annotations-2.15.0.jar (com.google.errorprone:error_prone_annotations:2.15.0) with DexingWithClasspathTransform
Transforming constraintlayout-core-1.0.4.jar (androidx.constraintlayout:constraintlayout-core:1.0.4) with IdentityTransform
Transforming constraintlayout-core-1.0.4.jar (androidx.constraintlayout:constraintlayout-core:1.0.4) with DexingWithClasspathTransform
Transforming okio-1.17.2.jar (com.squareup.okio:okio:1.17.2) with IdentityTransform
Transforming okio-1.17.2.jar (com.squareup.okio:okio:1.17.2) with DexingWithClasspathTransform
Transforming kotlin-stdlib-common-1.8.22.jar (org.jetbrains.kotlin:kotlin-stdlib-common:1.8.22) with IdentityTransform
Transforming kotlin-stdlib-common-1.8.22.jar (org.jetbrains.kotlin:kotlin-stdlib-common:1.8.22) with DexingWithClasspathTransform
Transforming annotations-13.0.jar (org.jetbrains:annotations:13.0) with IdentityTransform
Transforming annotations-13.0.jar (org.jetbrains:annotations:13.0) with DexingWithClasspathTransform
Transforming listenablefuture-1.0.jar (com.google.guava:listenablefuture:1.0) with IdentityTransform
Transforming listenablefuture-1.0.jar (com.google.guava:listenablefuture:1.0) with DexingWithClasspathTransform
Caching disabled for task ':app:mergeExtDexDebug' because:
  Build cache is disabled
Skipping task ':app:mergeExtDexDebug' as it is up-to-date.
Resolve mutations for :app:mergeLibDexDebug (Thread[Execution worker Thread 8,5,main]) started.
:app:mergeLibDexDebug (Thread[Execution worker Thread 8,5,main]) started.

> Task :app:mergeLibDexDebug UP-TO-DATE
Caching disabled for task ':app:mergeLibDexDebug' because:
  Build cache is disabled
Skipping task ':app:mergeLibDexDebug' as it is up-to-date.
Resolve mutations for :app:dexBuilderDebug (Thread[Execution worker Thread 8,5,main]) started.
:app:dexBuilderDebug (Thread[Execution worker Thread 8,5,main]) started.

> Task :app:dexBuilderDebug UP-TO-DATE
Transforming material-1.11.0.aar (com.google.android.material:material:1.11.0) with AarToClassTransform
Transforming usb-serial-for-android-3.7.0.aar (com.github.mik3y:usb-serial-for-android:3.7.0) with AarToClassTransform
Transforming gson-2.10.1.jar (com.google.code.gson:gson:2.10.1) with IdentityTransform
Transforming okhttp-3.14.9.jar (com.squareup.okhttp3:okhttp:3.14.9) with IdentityTransform
Caching disabled for task ':app:dexBuilderDebug' because:
  Build cache is disabled
Skipping task ':app:dexBuilderDebug' as it is up-to-date.
Resolve mutations for :app:mergeProjectDexDebug (Thread[Execution worker Thread 8,5,main]) started.
:app:mergeProjectDexDebug (Thread[Execution worker Thread 8,5,main]) started.

> Task :app:mergeProjectDexDebug UP-TO-DATE
Caching disabled for task ':app:mergeProjectDexDebug' because:
  Build cache is disabled
Skipping task ':app:mergeProjectDexDebug' as it is up-to-date.
Resolve mutations for :app:mergeDebugJniLibFolders (Thread[Execution worker Thread 8,5,main]) started.
:app:mergeDebugJniLibFolders (Thread[Execution worker Thread 8,5,main]) started.

> Task :app:mergeDebugJniLibFolders UP-TO-DATE
Caching disabled for task ':app:mergeDebugJniLibFolders' because:
  Build cache is disabled
Skipping task ':app:mergeDebugJniLibFolders' as it is up-to-date.
Resolve mutations for :app:mergeDebugNativeLibs (Thread[Execution worker Thread 8,5,main]) started.
:app:mergeDebugNativeLibs (Thread[Execution worker Thread 8,5,main]) started.

> Task :app:mergeDebugNativeLibs NO-SOURCE
Transforming material-1.11.0.aar (com.google.android.material:material:1.11.0) with ExtractAarTransform
Transforming material-1.11.0.aar (com.google.android.material:material:1.11.0) with AarTransform
Transforming constraintlayout-2.1.4.aar (androidx.constraintlayout:constraintlayout:2.1.4) with ExtractAarTransform
Transforming constraintlayout-2.1.4.aar (androidx.constraintlayout:constraintlayout:2.1.4) with AarTransform
Transforming appcompat-resources-1.6.1.aar (androidx.appcompat:appcompat-resources:1.6.1) with ExtractAarTransform
Transforming appcompat-resources-1.6.1.aar (androidx.appcompat:appcompat-resources:1.6.1) with AarTransform
Transforming appcompat-1.6.1.aar (androidx.appcompat:appcompat:1.6.1) with ExtractAarTransform
Transforming appcompat-1.6.1.aar (androidx.appcompat:appcompat:1.6.1) with AarTransform
Transforming usb-serial-for-android-3.7.0.aar (com.github.mik3y:usb-serial-for-android:3.7.0) with ExtractAarTransform
Transforming usb-serial-for-android-3.7.0.aar (com.github.mik3y:usb-serial-for-android:3.7.0) with AarTransform
Transforming gson-2.10.1.jar (com.google.code.gson:gson:2.10.1) with ExtractJniTransform
Transforming okhttp-3.14.9.jar (com.squareup.okhttp3:okhttp:3.14.9) with ExtractJniTransform
Transforming dynamicanimation-1.0.0.aar (androidx.dynamicanimation:dynamicanimation:1.0.0) with ExtractAarTransform
Transforming dynamicanimation-1.0.0.aar (androidx.dynamicanimation:dynamicanimation:1.0.0) with AarTransform
Transforming legacy-support-core-utils-1.0.0.aar (androidx.legacy:legacy-support-core-utils:1.0.0) with ExtractAarTransform
Transforming legacy-support-core-utils-1.0.0.aar (androidx.legacy:legacy-support-core-utils:1.0.0) with AarTransform
Transforming documentfile-1.0.1.aar (androidx.documentfile:documentfile:1.0.1) with ExtractAarTransform
Transforming documentfile-1.0.1.aar (androidx.documentfile:documentfile:1.0.1) with AarTransform
Transforming documentfile-1.0.1.aar (androidx.documentfile:documentfile:1.0.1) with ExtractAarTransform
Transforming documentfile-1.0.1.aar (androidx.documentfile:documentfile:1.0.1) with AarTransform
Transforming viewpager2-1.0.0.aar (androidx.viewpager2:viewpager2:1.0.0) with ExtractAarTransform
Transforming viewpager2-1.0.0.aar (androidx.viewpager2:viewpager2:1.0.0) with AarTransform
Transforming fragment-1.3.6.aar (androidx.fragment:fragment:1.3.6) with ExtractAarTransform
Transforming fragment-1.3.6.aar (androidx.fragment:fragment:1.3.6) with AarTransform
Transforming fragment-1.3.6.aar (androidx.fragment:fragment:1.3.6) with ExtractAarTransform
Transforming fragment-1.3.6.aar (androidx.fragment:fragment:1.3.6) with AarTransform
Transforming activity-1.8.0.aar (androidx.activity:activity:1.8.0) with ExtractAarTransform
Transforming activity-1.8.0.aar (androidx.activity:activity:1.8.0) with AarTransform
Transforming emoji2-views-helper-1.2.0.aar (androidx.emoji2:emoji2-views-helper:1.2.0) with ExtractAarTransform
Transforming emoji2-views-helper-1.2.0.aar (androidx.emoji2:emoji2-views-helper:1.2.0) with AarTransform
Transforming emoji2-1.2.0.aar (androidx.emoji2:emoji2:1.2.0) with ExtractAarTransform
Transforming emoji2-1.2.0.aar (androidx.emoji2:emoji2:1.2.0) with AarTransform
Transforming drawerlayout-1.1.1.aar (androidx.drawerlayout:drawerlayout:1.1.1) with ExtractAarTransform
Transforming drawerlayout-1.1.1.aar (androidx.drawerlayout:drawerlayout:1.1.1) with AarTransform
Transforming coordinatorlayout-1.1.0.aar (androidx.coordinatorlayout:coordinatorlayout:1.1.0) with ExtractAarTransform
Transforming coordinatorlayout-1.1.0.aar (androidx.coordinatorlayout:coordinatorlayout:1.1.0) with AarTransform
Transforming transition-1.2.0.aar (androidx.transition:transition:1.2.0) with ExtractAarTransform
Transforming transition-1.2.0.aar (androidx.transition:transition:1.2.0) with AarTransform
Transforming vectordrawable-animated-1.1.0.aar (androidx.vectordrawable:vectordrawable-animated:1.1.0) with ExtractAarTransform
Transforming vectordrawable-animated-1.1.0.aar (androidx.vectordrawable:vectordrawable-animated:1.1.0) with AarTransform
Transforming vectordrawable-1.1.0.aar (androidx.vectordrawable:vectordrawable:1.1.0) with ExtractAarTransform
Transforming vectordrawable-1.1.0.aar (androidx.vectordrawable:vectordrawable:1.1.0) with AarTransform
Transforming vectordrawable-1.1.0.aar (androidx.vectordrawable:vectordrawable:1.1.0) with ExtractAarTransform
Transforming vectordrawable-1.1.0.aar (androidx.vectordrawable:vectordrawable:1.1.0) with AarTransform
Transforming loader-1.0.0.aar (androidx.loader:loader:1.0.0) with ExtractAarTransform
Transforming loader-1.0.0.aar (androidx.loader:loader:1.0.0) with AarTransform
Transforming loader-1.0.0.aar (androidx.loader:loader:1.0.0) with ExtractAarTransform
Transforming loader-1.0.0.aar (androidx.loader:loader:1.0.0) with AarTransform
Transforming savedstate-1.2.1.aar (androidx.savedstate:savedstate:1.2.1) with ExtractAarTransform
Transforming savedstate-1.2.1.aar (androidx.savedstate:savedstate:1.2.1) with AarTransform
Transforming lifecycle-process-2.6.1.aar (androidx.lifecycle:lifecycle-process:2.6.1) with ExtractAarTransform
Transforming lifecycle-process-2.6.1.aar (androidx.lifecycle:lifecycle-process:2.6.1) with AarTransform
Transforming lifecycle-livedata-core-2.6.1.aar (androidx.lifecycle:lifecycle-livedata-core:2.6.1) with ExtractAarTransform
Transforming lifecycle-livedata-core-2.6.1.aar (androidx.lifecycle:lifecycle-livedata-core:2.6.1) with AarTransform
Transforming lifecycle-livedata-2.6.1.aar (androidx.lifecycle:lifecycle-livedata:2.6.1) with ExtractAarTransform
Transforming lifecycle-livedata-2.6.1.aar (androidx.lifecycle:lifecycle-livedata:2.6.1) with AarTransform
Transforming lifecycle-common-2.6.1.jar (androidx.lifecycle:lifecycle-common:2.6.1) with ExtractJniTransform
Transforming lifecycle-viewmodel-2.6.1.aar (androidx.lifecycle:lifecycle-viewmodel:2.6.1) with ExtractAarTransform
Transforming lifecycle-viewmodel-2.6.1.aar (androidx.lifecycle:lifecycle-viewmodel:2.6.1) with AarTransform
Transforming lifecycle-viewmodel-2.6.1.aar (androidx.lifecycle:lifecycle-viewmodel:2.6.1) with ExtractAarTransform
Transforming lifecycle-viewmodel-2.6.1.aar (androidx.lifecycle:lifecycle-viewmodel:2.6.1) with AarTransform
Transforming lifecycle-runtime-2.6.1.aar (androidx.lifecycle:lifecycle-runtime:2.6.1) with ExtractAarTransform
Transforming lifecycle-runtime-2.6.1.aar (androidx.lifecycle:lifecycle-runtime:2.6.1) with AarTransform
Transforming lifecycle-viewmodel-savedstate-2.6.1.aar (androidx.lifecycle:lifecycle-viewmodel-savedstate:2.6.1) with ExtractAarTransform
Transforming lifecycle-viewmodel-savedstate-2.6.1.aar (androidx.lifecycle:lifecycle-viewmodel-savedstate:2.6.1) with AarTransform
Transforming core-ktx-1.9.0.aar (androidx.core:core-ktx:1.9.0) with ExtractAarTransform
Transforming core-ktx-1.9.0.aar (androidx.core:core-ktx:1.9.0) with AarTransform
Transforming viewpager-1.0.0.aar (androidx.viewpager:viewpager:1.0.0) with ExtractAarTransform
Transforming viewpager-1.0.0.aar (androidx.viewpager:viewpager:1.0.0) with AarTransform
Transforming recyclerview-1.1.0.aar (androidx.recyclerview:recyclerview:1.1.0) with ExtractAarTransform
Transforming recyclerview-1.1.0.aar (androidx.recyclerview:recyclerview:1.1.0) with AarTransform
Transforming recyclerview-1.1.0.aar (androidx.recyclerview:recyclerview:1.1.0) with ExtractAarTransform
Transforming recyclerview-1.1.0.aar (androidx.recyclerview:recyclerview:1.1.0) with AarTransform
Transforming customview-1.1.0.aar (androidx.customview:customview:1.1.0) with ExtractAarTransform
Transforming customview-1.1.0.aar (androidx.customview:customview:1.1.0) with AarTransform
Transforming core-1.9.0.aar (androidx.core:core:1.9.0) with ExtractAarTransform
Transforming core-1.9.0.aar (androidx.core:core:1.9.0) with AarTransform
Transforming core-1.9.0.aar (androidx.core:core:1.9.0) with ExtractAarTransform
Transforming core-1.9.0.aar (androidx.core:core:1.9.0) with AarTransform
Transforming cursoradapter-1.0.0.aar (androidx.cursoradapter:cursoradapter:1.0.0) with ExtractAarTransform
Transforming cursoradapter-1.0.0.aar (androidx.cursoradapter:cursoradapter:1.0.0) with AarTransform
Transforming resourceinspection-annotation-1.0.1.jar (androidx.resourceinspection:resourceinspection-annotation:1.0.1) with ExtractJniTransform
Transforming cardview-1.0.0.aar (androidx.cardview:cardview:1.0.0) with ExtractAarTransform
Transforming cardview-1.0.0.aar (androidx.cardview:cardview:1.0.0) with AarTransform
Transforming versionedparcelable-1.1.1.aar (androidx.versionedparcelable:versionedparcelable:1.1.1) with ExtractAarTransform
Transforming versionedparcelable-1.1.1.aar (androidx.versionedparcelable:versionedparcelable:1.1.1) with AarTransform
Transforming collection-1.1.0.jar (androidx.collection:collection:1.1.0) with ExtractJniTransform
Transforming profileinstaller-1.3.0.aar (androidx.profileinstaller:profileinstaller:1.3.0) with ExtractAarTransform
Transforming profileinstaller-1.3.0.aar (androidx.profileinstaller:profileinstaller:1.3.0) with AarTransform
Transforming startup-runtime-1.1.1.aar (androidx.startup:startup-runtime:1.1.1) with ExtractAarTransform
Transforming startup-runtime-1.1.1.aar (androidx.startup:startup-runtime:1.1.1) with AarTransform
Transforming tracing-1.0.0.aar (androidx.tracing:tracing:1.0.0) with ExtractAarTransform
Transforming tracing-1.0.0.aar (androidx.tracing:tracing:1.0.0) with AarTransform
Transforming interpolator-1.0.0.aar (androidx.interpolator:interpolator:1.0.0) with ExtractAarTransform
Transforming interpolator-1.0.0.aar (androidx.interpolator:interpolator:1.0.0) with AarTransform
Transforming core-runtime-2.2.0.aar (androidx.arch.core:core-runtime:2.2.0) with ExtractAarTransform
Transforming core-runtime-2.2.0.aar (androidx.arch.core:core-runtime:2.2.0) with AarTransform
Transforming core-common-2.2.0.jar (androidx.arch.core:core-common:2.2.0) with ExtractJniTransform
Transforming concurrent-futures-1.1.0.jar (androidx.concurrent:concurrent-futures:1.1.0) with ExtractJniTransform
Transforming localbroadcastmanager-1.0.0.aar (androidx.localbroadcastmanager:localbroadcastmanager:1.0.0) with ExtractAarTransform
Transforming localbroadcastmanager-1.0.0.aar (androidx.localbroadcastmanager:localbroadcastmanager:1.0.0) with AarTransform
Transforming print-1.0.0.aar (androidx.print:print:1.0.0) with ExtractAarTransform
Transforming print-1.0.0.aar (androidx.print:print:1.0.0) with AarTransform
Transforming annotation-1.5.0.jar (androidx.annotation:annotation:1.5.0) with ExtractJniTransform
Transforming annotation-experimental-1.3.0.aar (androidx.annotation:annotation-experimental:1.3.0) with ExtractAarTransform
Transforming annotation-experimental-1.3.0.aar (androidx.annotation:annotation-experimental:1.3.0) with AarTransform
Transforming kotlinx-coroutines-core-jvm-1.6.4.jar (org.jetbrains.kotlinx:kotlinx-coroutines-core-jvm:1.6.4) with ExtractJniTransform
Transforming kotlinx-coroutines-android-1.6.4.jar (org.jetbrains.kotlinx:kotlinx-coroutines-android:1.6.4) with ExtractJniTransform
Transforming kotlin-stdlib-jdk8-1.8.22.jar (org.jetbrains.kotlin:kotlin-stdlib-jdk8:1.8.22) with ExtractJniTransform
Transforming kotlin-stdlib-jdk7-1.8.22.jar (org.jetbrains.kotlin:kotlin-stdlib-jdk7:1.8.22) with ExtractJniTransform
Transforming kotlin-stdlib-1.8.22.jar (org.jetbrains.kotlin:kotlin-stdlib:1.8.22) with ExtractJniTransform
Transforming error_prone_annotations-2.15.0.jar (com.google.errorprone:error_prone_annotations:2.15.0) with ExtractJniTransform
Transforming constraintlayout-core-1.0.4.jar (androidx.constraintlayout:constraintlayout-core:1.0.4) with ExtractJniTransform
Transforming okio-1.17.2.jar (com.squareup.okio:okio:1.17.2) with ExtractJniTransform
Transforming kotlin-stdlib-common-1.8.22.jar (org.jetbrains.kotlin:kotlin-stdlib-common:1.8.22) with ExtractJniTransform
Transforming annotations-13.0.jar (org.jetbrains:annotations:13.0) with ExtractJniTransform
Transforming listenablefuture-1.0.jar (com.google.guava:listenablefuture:1.0) with ExtractJniTransform
Skipping task ':app:mergeDebugNativeLibs' as it has no source files and no previous output files.
Resolve mutations for :app:stripDebugDebugSymbols (Thread[Execution worker Thread 8,5,main]) started.
:app:stripDebugDebugSymbols (Thread[Execution worker Thread 8,5,main]) started.

> Task :app:stripDebugDebugSymbols NO-SOURCE
Skipping task ':app:stripDebugDebugSymbols' as it has no source files and no previous output files.
Resolve mutations for :app:validateSigningDebug (Thread[Execution worker Thread 8,5,main]) started.
:app:validateSigningDebug (Thread[Execution worker Thread 8,5,main]) started.

> Task :app:validateSigningDebug UP-TO-DATE
Caching disabled for task ':app:validateSigningDebug' because:
  Build cache is disabled
Skipping task ':app:validateSigningDebug' as it is up-to-date.
Resolve mutations for :app:writeDebugAppMetadata (Thread[Execution worker Thread 8,5,main]) started.
:app:writeDebugAppMetadata (Thread[Execution worker Thread 6,5,main]) started.

> Task :app:writeDebugAppMetadata UP-TO-DATE
Caching disabled for task ':app:writeDebugAppMetadata' because:
  Build cache is disabled
Skipping task ':app:writeDebugAppMetadata' as it is up-to-date.
Resolve mutations for :app:writeDebugSigningConfigVersions (Thread[Execution worker Thread 6,5,main]) started.
:app:writeDebugSigningConfigVersions (Thread[Execution worker Thread 6,5,main]) started.

> Task :app:writeDebugSigningConfigVersions UP-TO-DATE
Caching disabled for task ':app:writeDebugSigningConfigVersions' because:
  Build cache is disabled
Skipping task ':app:writeDebugSigningConfigVersions' as it is up-to-date.
Resolve mutations for :app:packageDebug (Thread[Execution worker Thread 6,5,main]) started.
:app:packageDebug (Thread[Execution worker Thread 6,5,main]) started.

> Task :app:packageDebug UP-TO-DATE
Caching disabled for task ':app:packageDebug' because:
  Build cache is disabled
Skipping task ':app:packageDebug' as it is up-to-date.
Resolve mutations for :app:createDebugApkListingFileRedirect (Thread[Execution worker Thread 6,5,main]) started.
:app:createDebugApkListingFileRedirect (Thread[Execution worker Thread 6,5,main]) started.

> Task :app:createDebugApkListingFileRedirect UP-TO-DATE
Caching disabled for task ':app:createDebugApkListingFileRedirect' because:
  Build cache is disabled
Skipping task ':app:createDebugApkListingFileRedirect' as it is up-to-date.
Resolve mutations for :app:assembleDebug (Thread[Execution worker Thread 6,5,main]) started.
:app:assembleDebug (Thread[Execution worker Thread 6,5,main]) started.

> Task :app:assembleDebug UP-TO-DATE
Skipping task ':app:assembleDebug' as it has no actions.

BUILD SUCCESSFUL in 519ms
30 actionable tasks: 30 up-to-date
Watched directory hierarchies: [/Users/mac/workspace/android/G30Scanner]
